Tag Forward,Primer Forward,Tag Reverse,Primer Reverse,Marker name ,Sample,Replicate,Filename,Run
cgatcgtcatcacg,TCCACTAATCACAARGATATTGGTAC,cacgatttgtagag,WACTAATCAATTWCCAAATCCTCC,MFZR,14Mon01,repl1,/home/dechatre/Documents/Project-metabarcoding/metabarcoding/output/prerun_fasta/prerun_MFZR_repl1.fasta,prerun
tcgatcacgatgt,TCCACTAATCACAARGATATTGGTAC,cgcgatctgtagag,WACTAATCAATTWCCAAATCCTCC,MFZR,14Mon02,repl1,/home/dechatre/Documents/Project-metabarcoding/metabarcoding/output/prerun_fasta/prerun_MFZR_repl1.fasta,prerun
acgatccacagtg,TCCACTAATCACAARGATATTGGTAC,cgcgatctgtagag,WACTAATCAATTWCCAAATCCTCC,MFZR,14Mon03,repl1,/home/dechatre/Documents/Project-metabarcoding/metabarcoding/output/prerun_fasta/prerun_MFZR_repl1.fasta,prerun
gatcgacagatc,TCCACTAATCACAARGATATTGGTAC,cgcgatctgtagag,WACTAATCAATTWCCAAATCCTCC,MFZR,14Mon04,repl1,/home/dechatre/Documents/Project-metabarcoding/metabarcoding/output/prerun_fasta/prerun_MFZR_repl1.fasta,prerun
tgatcgatgatcag,TCCACTAATCACAARGATATTGGTAC,cgcgatctgtagag,WACTAATCAATTWCCAAATCCTCC,MFZR,14Mon05,repl1,/home/dechatre/Documents/Project-metabarcoding/metabarcoding/output/prerun_fasta/prerun_MFZR_repl1.fasta,prerun
gtcgatcatgtca,TCCACTAATCACAARGATATTGGTAC,cgcgatctgtagag,WACTAATCAATTWCCAAATCCTCC,MFZR,14Mon06,repl1,/home/dechatre/Documents/Project-metabarcoding/metabarcoding/output/prerun_fasta/prerun_MFZR_repl1.fasta,prerun
catcgagtagag,TCCACTAATCACAARGATATTGGTAC,cgcgatctgtagag,WACTAATCAATTWCCAAATCCTCC,MFZR,14Mon07,repl1,/home/dechatre/Documents/Project-metabarcoding/metabarcoding/output/prerun_fasta/prerun_MFZR_repl1.fasta,prerun
agatcgtactagct,TCCACTAATCACAARGATATTGGTAC,cgcgatctgtagag,WACTAATCAATTWCCAAATCCTCC,MFZR,14Mon09,repl1,/home/dechatre/Documents/Project-metabarcoding/metabarcoding/output/prerun_fasta/prerun_MFZR_repl1.fasta,prerun
cgatcgtcatcacg,TCCACTAATCACAARGATATTGGTAC,acatcgacgtacg,WACTAATCAATTWCCAAATCCTCC,MFZR,14Mon10,repl1,/home/dechatre/Documents/Project-metabarcoding/metabarcoding/output/prerun_fasta/prerun_MFZR_repl1.fasta,prerun
tcgatcacgatgt,TCCACTAATCACAARGATATTGGTAC,acatcgacgtacg,WACTAATCAATTWCCAAATCCTCC,MFZR,14Deo01,repl1,/home/dechatre/Documents/Project-metabarcoding/metabarcoding/output/prerun_fasta/prerun_MFZR_repl1.fasta,prerun
acgatccacagtg,TCCACTAATCACAARGATATTGGTAC,acatcgacgtacg,WACTAATCAATTWCCAAATCCTCC,MFZR,14Deo02,repl1,/home/dechatre/Documents/Project-metabarcoding/metabarcoding/output/prerun_fasta/prerun_MFZR_repl1.fasta,prerun
gatcgacagatc,TCCACTAATCACAARGATATTGGTAC,acatcgacgtacg,WACTAATCAATTWCCAAATCCTCC,MFZR,14Deo03,repl1,/home/dechatre/Documents/Project-metabarcoding/metabarcoding/output/prerun_fasta/prerun_MFZR_repl1.fasta,prerun
tgatcgatgatcag,TCCACTAATCACAARGATATTGGTAC,acatcgacgtacg,WACTAATCAATTWCCAAATCCTCC,MFZR,14Deo04,repl1,/home/dechatre/Documents/Project-metabarcoding/metabarcoding/output/prerun_fasta/prerun_MFZR_repl1.fasta,prerun
gtcgatcatgtca,TCCACTAATCACAARGATATTGGTAC,acatcgacgtacg,WACTAATCAATTWCCAAATCCTCC,MFZR,14Ben01,repl1,/home/dechatre/Documents/Project-metabarcoding/metabarcoding/output/prerun_fasta/prerun_MFZR_repl1.fasta,prerun
catcgagtagag,TCCACTAATCACAARGATATTGGTAC,acatcgacgtacg,WACTAATCAATTWCCAAATCCTCC,MFZR,14Ben02,repl1,/home/dechatre/Documents/Project-metabarcoding/metabarcoding/output/prerun_fasta/prerun_MFZR_repl1.fasta,prerun
agatcgtactagct,TCCACTAATCACAARGATATTGGTAC,acatcgacgtacg,WACTAATCAATTWCCAAATCCTCC,MFZR,14Ben05,repl1,/home/dechatre/Documents/Project-metabarcoding/metabarcoding/output/prerun_fasta/prerun_MFZR_repl1.fasta,prerun
cgatcgtcatcacg,TCCACTAATCACAARGATATTGGTAC,gtgatcgcacgat,WACTAATCAATTWCCAAATCCTCC,MFZR,14Ben07,repl1,/home/dechatre/Documents/Project-metabarcoding/metabarcoding/output/prerun_fasta/prerun_MFZR_repl1.fasta,prerun
tcgatcacgatgt,TCCACTAATCACAARGATATTGGTAC,gtgatcgcacgat,WACTAATCAATTWCCAAATCCTCC,MFZR,14Ben08,repl1,/home/dechatre/Documents/Project-metabarcoding/metabarcoding/output/prerun_fasta/prerun_MFZR_repl1.fasta,prerun
acgatccacagtg,TCCACTAATCACAARGATATTGGTAC,gtgatcgcacgat,WACTAATCAATTWCCAAATCCTCC,MFZR,14Ben09,repl1,/home/dechatre/Documents/Project-metabarcoding/metabarcoding/output/prerun_fasta/prerun_MFZR_repl1.fasta,prerun
gatcgacagatc,TCCACTAATCACAARGATATTGGTAC,gtgatcgcacgat,WACTAATCAATTWCCAAATCCTCC,MFZR,14Ben06,repl1,/home/dechatre/Documents/Project-metabarcoding/metabarcoding/output/prerun_fasta/prerun_MFZR_repl1.fasta,prerun
tgatcgatgatcag,TCCACTAATCACAARGATATTGGTAC,gtgatcgcacgat,WACTAATCAATTWCCAAATCCTCC,MFZR,14Cro01,repl1,/home/dechatre/Documents/Project-metabarcoding/metabarcoding/output/prerun_fasta/prerun_MFZR_repl1.fasta,prerun
gtcgatcatgtca,TCCACTAATCACAARGATATTGGTAC,gtgatcgcacgat,WACTAATCAATTWCCAAATCCTCC,MFZR,14Cro02,repl1,/home/dechatre/Documents/Project-metabarcoding/metabarcoding/output/prerun_fasta/prerun_MFZR_repl1.fasta,prerun
catcgagtagag,TCCACTAATCACAARGATATTGGTAC,gtgatcgcacgat,WACTAATCAATTWCCAAATCCTCC,MFZR,14Cro03,repl1,/home/dechatre/Documents/Project-metabarcoding/metabarcoding/output/prerun_fasta/prerun_MFZR_repl1.fasta,prerun
agatcgtactagct,TCCACTAATCACAARGATATTGGTAC,gtgatcgcacgat,WACTAATCAATTWCCAAATCCTCC,MFZR,14Cro04,repl1,/home/dechatre/Documents/Project-metabarcoding/metabarcoding/output/prerun_fasta/prerun_MFZR_repl1.fasta,prerun
cgatcgtcatcacg,TCCACTAATCACAARGATATTGGTAC,agatcgagcactca,WACTAATCAATTWCCAAATCCTCC,MFZR,14Cro06,repl1,/home/dechatre/Documents/Project-metabarcoding/metabarcoding/output/prerun_fasta/prerun_MFZR_repl1.fasta,prerun
tcgatcacgatgt,TCCACTAATCACAARGATATTGGTAC,agatcgagcactca,WACTAATCAATTWCCAAATCCTCC,MFZR,14Cro07,repl1,/home/dechatre/Documents/Project-metabarcoding/metabarcoding/output/prerun_fasta/prerun_MFZR_repl1.fasta,prerun
acgatccacagtg,TCCACTAATCACAARGATATTGGTAC,agatcgagcactca,WACTAATCAATTWCCAAATCCTCC,MFZR,14Cro09,repl1,/home/dechatre/Documents/Project-metabarcoding/metabarcoding/output/prerun_fasta/prerun_MFZR_repl1.fasta,prerun
gatcgacagatc,TCCACTAATCACAARGATATTGGTAC,agatcgagcactca,WACTAATCAATTWCCAAATCCTCC,MFZR,14Cro10,repl1,/home/dechatre/Documents/Project-metabarcoding/metabarcoding/output/prerun_fasta/prerun_MFZR_repl1.fasta,prerun
tgatcgatgatcag,TCCACTAATCACAARGATATTGGTAC,agatcgagcactca,WACTAATCAATTWCCAAATCCTCC,MFZR,14Cro11,repl1,/home/dechatre/Documents/Project-metabarcoding/metabarcoding/output/prerun_fasta/prerun_MFZR_repl1.fasta,prerun
gtcgatcatgtca,TCCACTAATCACAARGATATTGGTAC,agatcgagcactca,WACTAATCAATTWCCAAATCCTCC,MFZR,14Cro12,repl1,/home/dechatre/Documents/Project-metabarcoding/metabarcoding/output/prerun_fasta/prerun_MFZR_repl1.fasta,prerun
catcgagtagag,TCCACTAATCACAARGATATTGGTAC,agatcgagcactca,WACTAATCAATTWCCAAATCCTCC,MFZR,14Cro13,repl1,/home/dechatre/Documents/Project-metabarcoding/metabarcoding/output/prerun_fasta/prerun_MFZR_repl1.fasta,prerun
agatcgtactagct,TCCACTAATCACAARGATATTGGTAC,agatcgagcactca,WACTAATCAATTWCCAAATCCTCC,MFZR,14Cro14,repl1,/home/dechatre/Documents/Project-metabarcoding/metabarcoding/output/prerun_fasta/prerun_MFZR_repl1.fasta,prerun
cgatcgtcatcacg,TCCACTAATCACAARGATATTGGTAC,cacgatgacgac,WACTAATCAATTWCCAAATCCTCC,MFZR,14Cro15,repl1,/home/dechatre/Documents/Project-metabarcoding/metabarcoding/output/prerun_fasta/prerun_MFZR_repl1.fasta,prerun
tcgatcacgatgt,TCCACTAATCACAARGATATTGGTAC,cacgatgacgac,WACTAATCAATTWCCAAATCCTCC,MFZR,14Cro16,repl1,/home/dechatre/Documents/Project-metabarcoding/metabarcoding/output/prerun_fasta/prerun_MFZR_repl1.fasta,prerun
acgatccacagtg,TCCACTAATCACAARGATATTGGTAC,cacgatgacgac,WACTAATCAATTWCCAAATCCTCC,MFZR,14Cro17,repl1,/home/dechatre/Documents/Project-metabarcoding/metabarcoding/output/prerun_fasta/prerun_MFZR_repl1.fasta,prerun
gatcgacagatc,TCCACTAATCACAARGATATTGGTAC,cacgatgacgac,WACTAATCAATTWCCAAATCCTCC,MFZR,P1,repl1,/home/dechatre/Documents/Project-metabarcoding/metabarcoding/output/prerun_fasta/prerun_MFZR_repl1.fasta,prerun
tgatcgatgatcag,TCCACTAATCACAARGATATTGGTAC,cacgatgacgac,WACTAATCAATTWCCAAATCCTCC,MFZR,P2,repl1,/home/dechatre/Documents/Project-metabarcoding/metabarcoding/output/prerun_fasta/prerun_MFZR_repl1.fasta,prerun
gtcgatcatgtca,TCCACTAATCACAARGATATTGGTAC,cacgatgacgac,WACTAATCAATTWCCAAATCCTCC,MFZR,P3,repl1,/home/dechatre/Documents/Project-metabarcoding/metabarcoding/output/prerun_fasta/prerun_MFZR_repl1.fasta,prerun
catcgagtagag,TCCACTAATCACAARGATATTGGTAC,cacgatgacgac,WACTAATCAATTWCCAAATCCTCC,MFZR,P4,repl1,/home/dechatre/Documents/Project-metabarcoding/metabarcoding/output/prerun_fasta/prerun_MFZR_repl1.fasta,prerun
agatcgtactagct,TCCACTAATCACAARGATATTGGTAC,cacgatgacgac,WACTAATCAATTWCCAAATCCTCC,MFZR,P5,repl1,/home/dechatre/Documents/Project-metabarcoding/metabarcoding/output/prerun_fasta/prerun_MFZR_repl1.fasta,prerun
cgatcgtcatcacg,TCCACTAATCACAARGATATTGGTAC,tgtcgatctacagc,WACTAATCAATTWCCAAATCCTCC,MFZR,TnegPCR_prerun,repl1,/home/dechatre/Documents/Project-metabarcoding/metabarcoding/output/prerun_fasta/prerun_MFZR_repl1.fasta,prerun
tcgatcacgatgt,TCCACTAATCACAARGATATTGGTAC,tgtcgatctacagc,WACTAATCAATTWCCAAATCCTCC,MFZR,Tpos1_prerun,repl1,/home/dechatre/Documents/Project-metabarcoding/metabarcoding/output/prerun_fasta/prerun_MFZR_repl1.fasta,prerun
acgatccacagtg,TCCACTAATCACAARGATATTGGTAC,tgtcgatctacagc,WACTAATCAATTWCCAAATCCTCC,MFZR,TnegExt1_prerun,repl1,/home/dechatre/Documents/Project-metabarcoding/metabarcoding/output/prerun_fasta/prerun_MFZR_repl1.fasta,prerun
gatcgacagatc,TCCACTAATCACAARGATATTGGTAC,tgtcgatctacagc,WACTAATCAATTWCCAAATCCTCC,MFZR,TnegExt2_prerun,repl1,/home/dechatre/Documents/Project-metabarcoding/metabarcoding/output/prerun_fasta/prerun_MFZR_repl1.fasta,prerun
tgatcgatgatcag,TCCACTAATCACAARGATATTGGTAC,tgtcgatctacagc,WACTAATCAATTWCCAAATCCTCC,MFZR,Tpos2_prerun,repl1,/home/dechatre/Documents/Project-metabarcoding/metabarcoding/output/prerun_fasta/prerun_MFZR_repl1.fasta,prerun
gtcgatcatgtca,TCCACTAATCACAARGATATTGGTAC,tgtcgatctacagc,WACTAATCAATTWCCAAATCCTCC,MFZR,TnegPai1_prerun,repl1,/home/dechatre/Documents/Project-metabarcoding/metabarcoding/output/prerun_fasta/prerun_MFZR_repl1.fasta,prerun
catcgagtagag,TCCACTAATCACAARGATATTGGTAC,tgtcgatctacagc,WACTAATCAATTWCCAAATCCTCC,MFZR,TnegPai2_prerun,repl1,/home/dechatre/Documents/Project-metabarcoding/metabarcoding/output/prerun_fasta/prerun_MFZR_repl1.fasta,prerun
agatcgtactagct,TCCACTAATCACAARGATATTGGTAC,tgtcgatctacagc,WACTAATCAATTWCCAAATCCTCC,MFZR,TnegTag_prerun,repl1,/home/dechatre/Documents/Project-metabarcoding/metabarcoding/output/prerun_fasta/prerun_MFZR_repl1.fasta,prerun
cgatcgtcatcacg,TCCACTAATCACAARGATATTGGTAC,cgcgatctgtagag,WACTAATCAATTWCCAAATCCTCC,MFZR,14Mon01,repl2,/home/dechatre/Documents/Project-metabarcoding/metabarcoding/output/prerun_fasta/prerun_MFZR_repl2.fasta,prerun
tcgatcacgatgt,TCCACTAATCACAARGATATTGGTAC,cgcgatctgtagag,WACTAATCAATTWCCAAATCCTCC,MFZR,14Mon02,repl2,/home/dechatre/Documents/Project-metabarcoding/metabarcoding/output/prerun_fasta/prerun_MFZR_repl2.fasta,prerun
acgatccacagtg,TCCACTAATCACAARGATATTGGTAC,cgcgatctgtagag,WACTAATCAATTWCCAAATCCTCC,MFZR,14Mon03,repl2,/home/dechatre/Documents/Project-metabarcoding/metabarcoding/output/prerun_fasta/prerun_MFZR_repl2.fasta,prerun
gatcgacagatc,TCCACTAATCACAARGATATTGGTAC,cgcgatctgtagag,WACTAATCAATTWCCAAATCCTCC,MFZR,14Mon04,repl2,/home/dechatre/Documents/Project-metabarcoding/metabarcoding/output/prerun_fasta/prerun_MFZR_repl2.fasta,prerun
tgatcgatgatcag,TCCACTAATCACAARGATATTGGTAC,cgcgatctgtagag,WACTAATCAATTWCCAAATCCTCC,MFZR,14Mon05,repl2,/home/dechatre/Documents/Project-metabarcoding/metabarcoding/output/prerun_fasta/prerun_MFZR_repl2.fasta,prerun
gtcgatcatgtca,TCCACTAATCACAARGATATTGGTAC,cgcgatctgtagag,WACTAATCAATTWCCAAATCCTCC,MFZR,14Mon06,repl2,/home/dechatre/Documents/Project-metabarcoding/metabarcoding/output/prerun_fasta/prerun_MFZR_repl2.fasta,prerun
catcgagtagag,TCCACTAATCACAARGATATTGGTAC,cgcgatctgtagag,WACTAATCAATTWCCAAATCCTCC,MFZR,14Mon07,repl2,/home/dechatre/Documents/Project-metabarcoding/metabarcoding/output/prerun_fasta/prerun_MFZR_repl2.fasta,prerun
agatcgtactagct,TCCACTAATCACAARGATATTGGTAC,cgcgatctgtagag,WACTAATCAATTWCCAAATCCTCC,MFZR,14Mon09,repl2,/home/dechatre/Documents/Project-metabarcoding/metabarcoding/output/prerun_fasta/prerun_MFZR_repl2.fasta,prerun
cgatcgtcatcacg,TCCACTAATCACAARGATATTGGTAC,acatcgacgtacg,WACTAATCAATTWCCAAATCCTCC,MFZR,14Mon10,repl2,/home/dechatre/Documents/Project-metabarcoding/metabarcoding/output/prerun_fasta/prerun_MFZR_repl2.fasta,prerun
tcgatcacgatgt,TCCACTAATCACAARGATATTGGTAC,acatcgacgtacg,WACTAATCAATTWCCAAATCCTCC,MFZR,14Deo01,repl2,/home/dechatre/Documents/Project-metabarcoding/metabarcoding/output/prerun_fasta/prerun_MFZR_repl2.fasta,prerun
acgatccacagtg,TCCACTAATCACAARGATATTGGTAC,acatcgacgtacg,WACTAATCAATTWCCAAATCCTCC,MFZR,14Deo02,repl2,/home/dechatre/Documents/Project-metabarcoding/metabarcoding/output/prerun_fasta/prerun_MFZR_repl2.fasta,prerun
gatcgacagatc,TCCACTAATCACAARGATATTGGTAC,acatcgacgtacg,WACTAATCAATTWCCAAATCCTCC,MFZR,14Deo03,repl2,/home/dechatre/Documents/Project-metabarcoding/metabarcoding/output/prerun_fasta/prerun_MFZR_repl2.fasta,prerun
tgatcgatgatcag,TCCACTAATCACAARGATATTGGTAC,acatcgacgtacg,WACTAATCAATTWCCAAATCCTCC,MFZR,14Deo04,repl2,/home/dechatre/Documents/Project-metabarcoding/metabarcoding/output/prerun_fasta/prerun_MFZR_repl2.fasta,prerun
gtcgatcatgtca,TCCACTAATCACAARGATATTGGTAC,acatcgacgtacg,WACTAATCAATTWCCAAATCCTCC,MFZR,14Ben01,repl2,/home/dechatre/Documents/Project-metabarcoding/metabarcoding/output/prerun_fasta/prerun_MFZR_repl2.fasta,prerun
catcgagtagag,TCCACTAATCACAARGATATTGGTAC,acatcgacgtacg,WACTAATCAATTWCCAAATCCTCC,MFZR,14Ben02,repl2,/home/dechatre/Documents/Project-metabarcoding/metabarcoding/output/prerun_fasta/prerun_MFZR_repl2.fasta,prerun
agatcgtactagct,TCCACTAATCACAARGATATTGGTAC,acatcgacgtacg,WACTAATCAATTWCCAAATCCTCC,MFZR,14Ben05,repl2,/home/dechatre/Documents/Project-metabarcoding/metabarcoding/output/prerun_fasta/prerun_MFZR_repl2.fasta,prerun
cgatcgtcatcacg,TCCACTAATCACAARGATATTGGTAC,gtgatcgcacgat,WACTAATCAATTWCCAAATCCTCC,MFZR,14Ben07,repl2,/home/dechatre/Documents/Project-metabarcoding/metabarcoding/output/prerun_fasta/prerun_MFZR_repl2.fasta,prerun
tcgatcacgatgt,TCCACTAATCACAARGATATTGGTAC,gtgatcgcacgat,WACTAATCAATTWCCAAATCCTCC,MFZR,14Ben08,repl2,/home/dechatre/Documents/Project-metabarcoding/metabarcoding/output/prerun_fasta/prerun_MFZR_repl2.fasta,prerun
acgatccacagtg,TCCACTAATCACAARGATATTGGTAC,gtgatcgcacgat,WACTAATCAATTWCCAAATCCTCC,MFZR,14Ben09,repl2,/home/dechatre/Documents/Project-metabarcoding/metabarcoding/output/prerun_fasta/prerun_MFZR_repl2.fasta,prerun
gatcgacagatc,TCCACTAATCACAARGATATTGGTAC,gtgatcgcacgat,WACTAATCAATTWCCAAATCCTCC,MFZR,14Ben06,repl2,/home/dechatre/Documents/Project-metabarcoding/metabarcoding/output/prerun_fasta/prerun_MFZR_repl2.fasta,prerun
tgatcgatgatcag,TCCACTAATCACAARGATATTGGTAC,gtgatcgcacgat,WACTAATCAATTWCCAAATCCTCC,MFZR,14Cro01,repl2,/home/dechatre/Documents/Project-metabarcoding/metabarcoding/output/prerun_fasta/prerun_MFZR_repl2.fasta,prerun
gtcgatcatgtca,TCCACTAATCACAARGATATTGGTAC,gtgatcgcacgat,WACTAATCAATTWCCAAATCCTCC,MFZR,14Cro02,repl2,/home/dechatre/Documents/Project-metabarcoding/metabarcoding/output/prerun_fasta/prerun_MFZR_repl2.fasta,prerun
catcgagtagag,TCCACTAATCACAARGATATTGGTAC,gtgatcgcacgat,WACTAATCAATTWCCAAATCCTCC,MFZR,14Cro03,repl2,/home/dechatre/Documents/Project-metabarcoding/metabarcoding/output/prerun_fasta/prerun_MFZR_repl2.fasta,prerun
agatcgtactagct,TCCACTAATCACAARGATATTGGTAC,gtgatcgcacgat,WACTAATCAATTWCCAAATCCTCC,MFZR,14Cro04,repl2,/home/dechatre/Documents/Project-metabarcoding/metabarcoding/output/prerun_fasta/prerun_MFZR_repl2.fasta,prerun
cgatcgtcatcacg,TCCACTAATCACAARGATATTGGTAC,agatcgagcactca,WACTAATCAATTWCCAAATCCTCC,MFZR,14Cro06,repl2,/home/dechatre/Documents/Project-metabarcoding/metabarcoding/output/prerun_fasta/prerun_MFZR_repl2.fasta,prerun
tcgatcacgatgt,TCCACTAATCACAARGATATTGGTAC,agatcgagcactca,WACTAATCAATTWCCAAATCCTCC,MFZR,14Cro07,repl2,/home/dechatre/Documents/Project-metabarcoding/metabarcoding/output/prerun_fasta/prerun_MFZR_repl2.fasta,prerun
acgatccacagtg,TCCACTAATCACAARGATATTGGTAC,agatcgagcactca,WACTAATCAATTWCCAAATCCTCC,MFZR,14Cro09,repl2,/home/dechatre/Documents/Project-metabarcoding/metabarcoding/output/prerun_fasta/prerun_MFZR_repl2.fasta,prerun
gatcgacagatc,TCCACTAATCACAARGATATTGGTAC,agatcgagcactca,WACTAATCAATTWCCAAATCCTCC,MFZR,14Cro10,repl2,/home/dechatre/Documents/Project-metabarcoding/metabarcoding/output/prerun_fasta/prerun_MFZR_repl2.fasta,prerun
tgatcgatgatcag,TCCACTAATCACAARGATATTGGTAC,agatcgagcactca,WACTAATCAATTWCCAAATCCTCC,MFZR,14Cro11,repl2,/home/dechatre/Documents/Project-metabarcoding/metabarcoding/output/prerun_fasta/prerun_MFZR_repl2.fasta,prerun
gtcgatcatgtca,TCCACTAATCACAARGATATTGGTAC,agatcgagcactca,WACTAATCAATTWCCAAATCCTCC,MFZR,14Cro12,repl2,/home/dechatre/Documents/Project-metabarcoding/metabarcoding/output/prerun_fasta/prerun_MFZR_repl2.fasta,prerun
catcgagtagag,TCCACTAATCACAARGATATTGGTAC,agatcgagcactca,WACTAATCAATTWCCAAATCCTCC,MFZR,14Cro13,repl2,/home/dechatre/Documents/Project-metabarcoding/metabarcoding/output/prerun_fasta/prerun_MFZR_repl2.fasta,prerun
agatcgtactagct,TCCACTAATCACAARGATATTGGTAC,agatcgagcactca,WACTAATCAATTWCCAAATCCTCC,MFZR,14Cro14,repl2,/home/dechatre/Documents/Project-metabarcoding/metabarcoding/output/prerun_fasta/prerun_MFZR_repl2.fasta,prerun
cgatcgtcatcacg,TCCACTAATCACAARGATATTGGTAC,cacgatgacgac,WACTAATCAATTWCCAAATCCTCC,MFZR,14Cro15,repl2,/home/dechatre/Documents/Project-metabarcoding/metabarcoding/output/prerun_fasta/prerun_MFZR_repl2.fasta,prerun
tcgatcacgatgt,TCCACTAATCACAARGATATTGGTAC,cacgatgacgac,WACTAATCAATTWCCAAATCCTCC,MFZR,14Cro16,repl2,/home/dechatre/Documents/Project-metabarcoding/metabarcoding/output/prerun_fasta/prerun_MFZR_repl2.fasta,prerun
acgatccacagtg,TCCACTAATCACAARGATATTGGTAC,cacgatgacgac,WACTAATCAATTWCCAAATCCTCC,MFZR,14Cro17,repl2,/home/dechatre/Documents/Project-metabarcoding/metabarcoding/output/prerun_fasta/prerun_MFZR_repl2.fasta,prerun
gatcgacagatc,TCCACTAATCACAARGATATTGGTAC,cacgatgacgac,WACTAATCAATTWCCAAATCCTCC,MFZR,P1,repl2,/home/dechatre/Documents/Project-metabarcoding/metabarcoding/output/prerun_fasta/prerun_MFZR_repl2.fasta,prerun
tgatcgatgatcag,TCCACTAATCACAARGATATTGGTAC,cacgatgacgac,WACTAATCAATTWCCAAATCCTCC,MFZR,P2,repl2,/home/dechatre/Documents/Project-metabarcoding/metabarcoding/output/prerun_fasta/prerun_MFZR_repl2.fasta,prerun
gtcgatcatgtca,TCCACTAATCACAARGATATTGGTAC,cacgatgacgac,WACTAATCAATTWCCAAATCCTCC,MFZR,P3,repl2,/home/dechatre/Documents/Project-metabarcoding/metabarcoding/output/prerun_fasta/prerun_MFZR_repl2.fasta,prerun
catcgagtagag,TCCACTAATCACAARGATATTGGTAC,cacgatgacgac,WACTAATCAATTWCCAAATCCTCC,MFZR,P4,repl2,/home/dechatre/Documents/Project-metabarcoding/metabarcoding/output/prerun_fasta/prerun_MFZR_repl2.fasta,prerun
agatcgtactagct,TCCACTAATCACAARGATATTGGTAC,cacgatgacgac,WACTAATCAATTWCCAAATCCTCC,MFZR,P5,repl2,/home/dechatre/Documents/Project-metabarcoding/metabarcoding/output/prerun_fasta/prerun_MFZR_repl2.fasta,prerun
cgatcgtcatcacg,TCCACTAATCACAARGATATTGGTAC,tgtcgatctacagc,WACTAATCAATTWCCAAATCCTCC,MFZR,TnegPCR_prerun,repl2,/home/dechatre/Documents/Project-metabarcoding/metabarcoding/output/prerun_fasta/prerun_MFZR_repl2.fasta,prerun
tcgatcacgatgt,TCCACTAATCACAARGATATTGGTAC,tgtcgatctacagc,WACTAATCAATTWCCAAATCCTCC,MFZR,Tpos1_prerun,repl2,/home/dechatre/Documents/Project-metabarcoding/metabarcoding/output/prerun_fasta/prerun_MFZR_repl2.fasta,prerun
acgatccacagtg,TCCACTAATCACAARGATATTGGTAC,tgtcgatctacagc,WACTAATCAATTWCCAAATCCTCC,MFZR,TnegExt1_prerun,repl2,/home/dechatre/Documents/Project-metabarcoding/metabarcoding/output/prerun_fasta/prerun_MFZR_repl2.fasta,prerun
gatcgacagatc,TCCACTAATCACAARGATATTGGTAC,tgtcgatctacagc,WACTAATCAATTWCCAAATCCTCC,MFZR,TnegExt2_prerun,repl2,/home/dechatre/Documents/Project-metabarcoding/metabarcoding/output/prerun_fasta/prerun_MFZR_repl2.fasta,prerun
tgatcgatgatcag,TCCACTAATCACAARGATATTGGTAC,tgtcgatctacagc,WACTAATCAATTWCCAAATCCTCC,MFZR,Tpos2_prerun,repl2,/home/dechatre/Documents/Project-metabarcoding/metabarcoding/output/prerun_fasta/prerun_MFZR_repl2.fasta,prerun
gtcgatcatgtca,TCCACTAATCACAARGATATTGGTAC,tgtcgatctacagc,WACTAATCAATTWCCAAATCCTCC,MFZR,TnegPai1_prerun,repl2,/home/dechatre/Documents/Project-metabarcoding/metabarcoding/output/prerun_fasta/prerun_MFZR_repl2.fasta,prerun
catcgagtagag,TCCACTAATCACAARGATATTGGTAC,tgtcgatctacagc,WACTAATCAATTWCCAAATCCTCC,MFZR,TnegPai2_prerun,repl2,/home/dechatre/Documents/Project-metabarcoding/metabarcoding/output/prerun_fasta/prerun_MFZR_repl2.fasta,prerun
agatcgtactagct,TCCACTAATCACAARGATATTGGTAC,tgtcgatctacagc,WACTAATCAATTWCCAAATCCTCC,MFZR,TnegTag_prerun,repl2,/home/dechatre/Documents/Project-metabarcoding/metabarcoding/output/prerun_fasta/prerun_MFZR_repl2.fasta,prerun
cgatcgtcatcacg,TCCACTAATCACAARGATATTGGTAC,cgcgatctgtagag,WACTAATCAATTWCCAAATCCTCC,MFZR,14Mon01,repl3,/home/dechatre/Documents/Project-metabarcoding/metabarcoding/output/prerun_fasta/prerun_MFZR_repl3.fasta,prerun
tcgatcacgatgt,TCCACTAATCACAARGATATTGGTAC,cgcgatctgtagag,WACTAATCAATTWCCAAATCCTCC,MFZR,14Mon02,repl3,/home/dechatre/Documents/Project-metabarcoding/metabarcoding/output/prerun_fasta/prerun_MFZR_repl3.fasta,prerun
acgatccacagtg,TCCACTAATCACAARGATATTGGTAC,cgcgatctgtagag,WACTAATCAATTWCCAAATCCTCC,MFZR,14Mon03,repl3,/home/dechatre/Documents/Project-metabarcoding/metabarcoding/output/prerun_fasta/prerun_MFZR_repl3.fasta,prerun
gatcgacagatc,TCCACTAATCACAARGATATTGGTAC,cgcgatctgtagag,WACTAATCAATTWCCAAATCCTCC,MFZR,14Mon04,repl3,/home/dechatre/Documents/Project-metabarcoding/metabarcoding/output/prerun_fasta/prerun_MFZR_repl3.fasta,prerun
tgatcgatgatcag,TCCACTAATCACAARGATATTGGTAC,cgcgatctgtagag,WACTAATCAATTWCCAAATCCTCC,MFZR,14Mon05,repl3,/home/dechatre/Documents/Project-metabarcoding/metabarcoding/output/prerun_fasta/prerun_MFZR_repl3.fasta,prerun
gtcgatcatgtca,TCCACTAATCACAARGATATTGGTAC,cgcgatctgtagag,WACTAATCAATTWCCAAATCCTCC,MFZR,14Mon06,repl3,/home/dechatre/Documents/Project-metabarcoding/metabarcoding/output/prerun_fasta/prerun_MFZR_repl3.fasta,prerun
catcgagtagag,TCCACTAATCACAARGATATTGGTAC,cgcgatctgtagag,WACTAATCAATTWCCAAATCCTCC,MFZR,14Mon07,repl3,/home/dechatre/Documents/Project-metabarcoding/metabarcoding/output/prerun_fasta/prerun_MFZR_repl3.fasta,prerun
agatcgtactagct,TCCACTAATCACAARGATATTGGTAC,cgcgatctgtagag,WACTAATCAATTWCCAAATCCTCC,MFZR,14Mon09,repl3,/home/dechatre/Documents/Project-metabarcoding/metabarcoding/output/prerun_fasta/prerun_MFZR_repl3.fasta,prerun
cgatcgtcatcacg,TCCACTAATCACAARGATATTGGTAC,acatcgacgtacg,WACTAATCAATTWCCAAATCCTCC,MFZR,14Mon10,repl3,/home/dechatre/Documents/Project-metabarcoding/metabarcoding/output/prerun_fasta/prerun_MFZR_repl3.fasta,prerun
tcgatcacgatgt,TCCACTAATCACAARGATATTGGTAC,acatcgacgtacg,WACTAATCAATTWCCAAATCCTCC,MFZR,14Deo01,repl3,/home/dechatre/Documents/Project-metabarcoding/metabarcoding/output/prerun_fasta/prerun_MFZR_repl3.fasta,prerun
acgatccacagtg,TCCACTAATCACAARGATATTGGTAC,acatcgacgtacg,WACTAATCAATTWCCAAATCCTCC,MFZR,14Deo02,repl3,/home/dechatre/Documents/Project-metabarcoding/metabarcoding/output/prerun_fasta/prerun_MFZR_repl3.fasta,prerun
gatcgacagatc,TCCACTAATCACAARGATATTGGTAC,acatcgacgtacg,WACTAATCAATTWCCAAATCCTCC,MFZR,14Deo03,repl3,/home/dechatre/Documents/Project-metabarcoding/metabarcoding/output/prerun_fasta/prerun_MFZR_repl3.fasta,prerun
tgatcgatgatcag,TCCACTAATCACAARGATATTGGTAC,acatcgacgtacg,WACTAATCAATTWCCAAATCCTCC,MFZR,14Deo04,repl3,/home/dechatre/Documents/Project-metabarcoding/metabarcoding/output/prerun_fasta/prerun_MFZR_repl3.fasta,prerun
gtcgatcatgtca,TCCACTAATCACAARGATATTGGTAC,acatcgacgtacg,WACTAATCAATTWCCAAATCCTCC,MFZR,14Ben01,repl3,/home/dechatre/Documents/Project-metabarcoding/metabarcoding/output/prerun_fasta/prerun_MFZR_repl3.fasta,prerun
catcgagtagag,TCCACTAATCACAARGATATTGGTAC,acatcgacgtacg,WACTAATCAATTWCCAAATCCTCC,MFZR,14Ben02,repl3,/home/dechatre/Documents/Project-metabarcoding/metabarcoding/output/prerun_fasta/prerun_MFZR_repl3.fasta,prerun
agatcgtactagct,TCCACTAATCACAARGATATTGGTAC,acatcgacgtacg,WACTAATCAATTWCCAAATCCTCC,MFZR,14Ben05,repl3,/home/dechatre/Documents/Project-metabarcoding/metabarcoding/output/prerun_fasta/prerun_MFZR_repl3.fasta,prerun
cgatcgtcatcacg,TCCACTAATCACAARGATATTGGTAC,gtgatcgcacgat,WACTAATCAATTWCCAAATCCTCC,MFZR,14Ben07,repl3,/home/dechatre/Documents/Project-metabarcoding/metabarcoding/output/prerun_fasta/prerun_MFZR_repl3.fasta,prerun
tcgatcacgatgt,TCCACTAATCACAARGATATTGGTAC,gtgatcgcacgat,WACTAATCAATTWCCAAATCCTCC,MFZR,14Ben08,repl3,/home/dechatre/Documents/Project-metabarcoding/metabarcoding/output/prerun_fasta/prerun_MFZR_repl3.fasta,prerun
acgatccacagtg,TCCACTAATCACAARGATATTGGTAC,gtgatcgcacgat,WACTAATCAATTWCCAAATCCTCC,MFZR,14Ben09,repl3,/home/dechatre/Documents/Project-metabarcoding/metabarcoding/output/prerun_fasta/prerun_MFZR_repl3.fasta,prerun
gatcgacagatc,TCCACTAATCACAARGATATTGGTAC,gtgatcgcacgat,WACTAATCAATTWCCAAATCCTCC,MFZR,14Ben06,repl3,/home/dechatre/Documents/Project-metabarcoding/metabarcoding/output/prerun_fasta/prerun_MFZR_repl3.fasta,prerun
tgatcgatgatcag,TCCACTAATCACAARGATATTGGTAC,gtgatcgcacgat,WACTAATCAATTWCCAAATCCTCC,MFZR,14Cro01,repl3,/home/dechatre/Documents/Project-metabarcoding/metabarcoding/output/prerun_fasta/prerun_MFZR_repl3.fasta,prerun
gtcgatcatgtca,TCCACTAATCACAARGATATTGGTAC,gtgatcgcacgat,WACTAATCAATTWCCAAATCCTCC,MFZR,14Cro02,repl3,/home/dechatre/Documents/Project-metabarcoding/metabarcoding/output/prerun_fasta/prerun_MFZR_repl3.fasta,prerun
catcgagtagag,TCCACTAATCACAARGATATTGGTAC,gtgatcgcacgat,WACTAATCAATTWCCAAATCCTCC,MFZR,14Cro03,repl3,/home/dechatre/Documents/Project-metabarcoding/metabarcoding/output/prerun_fasta/prerun_MFZR_repl3.fasta,prerun
agatcgtactagct,TCCACTAATCACAARGATATTGGTAC,gtgatcgcacgat,WACTAATCAATTWCCAAATCCTCC,MFZR,14Cro04,repl3,/home/dechatre/Documents/Project-metabarcoding/metabarcoding/output/prerun_fasta/prerun_MFZR_repl3.fasta,prerun
cgatcgtcatcacg,TCCACTAATCACAARGATATTGGTAC,agatcgagcactca,WACTAATCAATTWCCAAATCCTCC,MFZR,14Cro06,repl3,/home/dechatre/Documents/Project-metabarcoding/metabarcoding/output/prerun_fasta/prerun_MFZR_repl3.fasta,prerun
tcgatcacgatgt,TCCACTAATCACAARGATATTGGTAC,agatcgagcactca,WACTAATCAATTWCCAAATCCTCC,MFZR,14Cro07,repl3,/home/dechatre/Documents/Project-metabarcoding/metabarcoding/output/prerun_fasta/prerun_MFZR_repl3.fasta,prerun
acgatccacagtg,TCCACTAATCACAARGATATTGGTAC,agatcgagcactca,WACTAATCAATTWCCAAATCCTCC,MFZR,14Cro09,repl3,/home/dechatre/Documents/Project-metabarcoding/metabarcoding/output/prerun_fasta/prerun_MFZR_repl3.fasta,prerun
gatcgacagatc,TCCACTAATCACAARGATATTGGTAC,agatcgagcactca,WACTAATCAATTWCCAAATCCTCC,MFZR,14Cro10,repl3,/home/dechatre/Documents/Project-metabarcoding/metabarcoding/output/prerun_fasta/prerun_MFZR_repl3.fasta,prerun
tgatcgatgatcag,TCCACTAATCACAARGATATTGGTAC,agatcgagcactca,WACTAATCAATTWCCAAATCCTCC,MFZR,14Cro11,repl3,/home/dechatre/Documents/Project-metabarcoding/metabarcoding/output/prerun_fasta/prerun_MFZR_repl3.fasta,prerun
gtcgatcatgtca,TCCACTAATCACAARGATATTGGTAC,agatcgagcactca,WACTAATCAATTWCCAAATCCTCC,MFZR,14Cro12,repl3,/home/dechatre/Documents/Project-metabarcoding/metabarcoding/output/prerun_fasta/prerun_MFZR_repl3.fasta,prerun
catcgagtagag,TCCACTAATCACAARGATATTGGTAC,agatcgagcactca,WACTAATCAATTWCCAAATCCTCC,MFZR,14Cro13,repl3,/home/dechatre/Documents/Project-metabarcoding/metabarcoding/output/prerun_fasta/prerun_MFZR_repl3.fasta,prerun
agatcgtactagct,TCCACTAATCACAARGATATTGGTAC,agatcgagcactca,WACTAATCAATTWCCAAATCCTCC,MFZR,14Cro14,repl3,/home/dechatre/Documents/Project-metabarcoding/metabarcoding/output/prerun_fasta/prerun_MFZR_repl3.fasta,prerun
cgatcgtcatcacg,TCCACTAATCACAARGATATTGGTAC,cacgatgacgac,WACTAATCAATTWCCAAATCCTCC,MFZR,14Cro15,repl3,/home/dechatre/Documents/Project-metabarcoding/metabarcoding/output/prerun_fasta/prerun_MFZR_repl3.fasta,prerun
tcgatcacgatgt,TCCACTAATCACAARGATATTGGTAC,cacgatgacgac,WACTAATCAATTWCCAAATCCTCC,MFZR,14Cro16,repl3,/home/dechatre/Documents/Project-metabarcoding/metabarcoding/output/prerun_fasta/prerun_MFZR_repl3.fasta,prerun
acgatccacagtg,TCCACTAATCACAARGATATTGGTAC,cacgatgacgac,WACTAATCAATTWCCAAATCCTCC,MFZR,14Cro17,repl3,/home/dechatre/Documents/Project-metabarcoding/metabarcoding/output/prerun_fasta/prerun_MFZR_repl3.fasta,prerun
gatcgacagatc,TCCACTAATCACAARGATATTGGTAC,cacgatgacgac,WACTAATCAATTWCCAAATCCTCC,MFZR,P1,repl3,/home/dechatre/Documents/Project-metabarcoding/metabarcoding/output/prerun_fasta/prerun_MFZR_repl3.fasta,prerun
tgatcgatgatcag,TCCACTAATCACAARGATATTGGTAC,cacgatgacgac,WACTAATCAATTWCCAAATCCTCC,MFZR,P2,repl3,/home/dechatre/Documents/Project-metabarcoding/metabarcoding/output/prerun_fasta/prerun_MFZR_repl3.fasta,prerun
gtcgatcatgtca,TCCACTAATCACAARGATATTGGTAC,cacgatgacgac,WACTAATCAATTWCCAAATCCTCC,MFZR,P3,repl3,/home/dechatre/Documents/Project-metabarcoding/metabarcoding/output/prerun_fasta/prerun_MFZR_repl3.fasta,prerun
catcgagtagag,TCCACTAATCACAARGATATTGGTAC,cacgatgacgac,WACTAATCAATTWCCAAATCCTCC,MFZR,P4,repl3,/home/dechatre/Documents/Project-metabarcoding/metabarcoding/output/prerun_fasta/prerun_MFZR_repl3.fasta,prerun
agatcgtactagct,TCCACTAATCACAARGATATTGGTAC,cacgatgacgac,WACTAATCAATTWCCAAATCCTCC,MFZR,P5,repl3,/home/dechatre/Documents/Project-metabarcoding/metabarcoding/output/prerun_fasta/prerun_MFZR_repl3.fasta,prerun
cgatcgtcatcacg,TCCACTAATCACAARGATATTGGTAC,tgtcgatctacagc,WACTAATCAATTWCCAAATCCTCC,MFZR,TnegPCR_prerun,repl3,/home/dechatre/Documents/Project-metabarcoding/metabarcoding/output/prerun_fasta/prerun_MFZR_repl3.fasta,prerun
tcgatcacgatgt,TCCACTAATCACAARGATATTGGTAC,tgtcgatctacagc,WACTAATCAATTWCCAAATCCTCC,MFZR,Tpos1_prerun,repl3,/home/dechatre/Documents/Project-metabarcoding/metabarcoding/output/prerun_fasta/prerun_MFZR_repl3.fasta,prerun
acgatccacagtg,TCCACTAATCACAARGATATTGGTAC,tgtcgatctacagc,WACTAATCAATTWCCAAATCCTCC,MFZR,TnegExt1_prerun,repl3,/home/dechatre/Documents/Project-metabarcoding/metabarcoding/output/prerun_fasta/prerun_MFZR_repl3.fasta,prerun
gatcgacagatc,TCCACTAATCACAARGATATTGGTAC,tgtcgatctacagc,WACTAATCAATTWCCAAATCCTCC,MFZR,TnegExt2_prerun,repl3,/home/dechatre/Documents/Project-metabarcoding/metabarcoding/output/prerun_fasta/prerun_MFZR_repl3.fasta,prerun
tgatcgatgatcag,TCCACTAATCACAARGATATTGGTAC,tgtcgatctacagc,WACTAATCAATTWCCAAATCCTCC,MFZR,Tpos2_prerun,repl3,/home/dechatre/Documents/Project-metabarcoding/metabarcoding/output/prerun_fasta/prerun_MFZR_repl3.fasta,prerun
gtcgatcatgtca,TCCACTAATCACAARGATATTGGTAC,tgtcgatctacagc,WACTAATCAATTWCCAAATCCTCC,MFZR,TnegPai1_prerun,repl3,/home/dechatre/Documents/Project-metabarcoding/metabarcoding/output/prerun_fasta/prerun_MFZR_repl3.fasta,prerun
catcgagtagag,TCCACTAATCACAARGATATTGGTAC,tgtcgatctacagc,WACTAATCAATTWCCAAATCCTCC,MFZR,TnegPai2_prerun,repl3,/home/dechatre/Documents/Project-metabarcoding/metabarcoding/output/prerun_fasta/prerun_MFZR_repl3.fasta,prerun
agatcgtactagct,TCCACTAATCACAARGATATTGGTAC,tgtcgatctacagc,WACTAATCAATTWCCAAATCCTCC,MFZR,TnegTag_prerun,repl3,/home/dechatre/Documents/Project-metabarcoding/metabarcoding/output/prerun_fasta/prerun_MFZR_repl3.fasta,prerun
cgatcgtcatcacg,AGATATTGGAACWTTATATTTTATTTTTGG,ctcgatgatcacg,WACTAATCAATTWCCAAATCCTCC,ZFZR,14Mon01,repl1,/home/dechatre/Documents/Project-metabarcoding/metabarcoding/output/prerun_fasta/prerun_ZFZR_repl1.fasta,prerun
tcgatcacgatgt,AGATATTGGAACWTTATATTTTATTTTTGG,ctcgatgatcacg,WACTAATCAATTWCCAAATCCTCC,ZFZR,14Mon02,repl1,/home/dechatre/Documents/Project-metabarcoding/metabarcoding/output/prerun_fasta/prerun_ZFZR_repl1.fasta,prerun
acgatccacagtg,AGATATTGGAACWTTATATTTTATTTTTGG,ctcgatgatcacg,WACTAATCAATTWCCAAATCCTCC,ZFZR,14Mon03,repl1,/home/dechatre/Documents/Project-metabarcoding/metabarcoding/output/prerun_fasta/prerun_ZFZR_repl1.fasta,prerun
gatcgacagatc,AGATATTGGAACWTTATATTTTATTTTTGG,ctcgatgatcacg,WACTAATCAATTWCCAAATCCTCC,ZFZR,14Mon04,repl1,/home/dechatre/Documents/Project-metabarcoding/metabarcoding/output/prerun_fasta/prerun_ZFZR_repl1.fasta,prerun
tgatcgatgatcag,AGATATTGGAACWTTATATTTTATTTTTGG,ctcgatgatcacg,WACTAATCAATTWCCAAATCCTCC,ZFZR,14Mon05,repl1,/home/dechatre/Documents/Project-metabarcoding/metabarcoding/output/prerun_fasta/prerun_ZFZR_repl1.fasta,prerun
gtcgatcatgtca,AGATATTGGAACWTTATATTTTATTTTTGG,ctcgatgatcacg,WACTAATCAATTWCCAAATCCTCC,ZFZR,14Mon06,repl1,/home/dechatre/Documents/Project-metabarcoding/metabarcoding/output/prerun_fasta/prerun_ZFZR_repl1.fasta,prerun
catcgagtagag,AGATATTGGAACWTTATATTTTATTTTTGG,ctcgatgatcacg,WACTAATCAATTWCCAAATCCTCC,ZFZR,14Mon07,repl1,/home/dechatre/Documents/Project-metabarcoding/metabarcoding/output/prerun_fasta/prerun_ZFZR_repl1.fasta,prerun
agatcgtactagct,AGATATTGGAACWTTATATTTTATTTTTGG,ctcgatgatcacg,WACTAATCAATTWCCAAATCCTCC,ZFZR,14Mon09,repl1,/home/dechatre/Documents/Project-metabarcoding/metabarcoding/output/prerun_fasta/prerun_ZFZR_repl1.fasta,prerun
cgatcgtcatcacg,AGATATTGGAACWTTATATTTTATTTTTGG,tatcgacgatgt,WACTAATCAATTWCCAAATCCTCC,ZFZR,14Mon10,repl1,/home/dechatre/Documents/Project-metabarcoding/metabarcoding/output/prerun_fasta/prerun_ZFZR_repl1.fasta,prerun
tcgatcacgatgt,AGATATTGGAACWTTATATTTTATTTTTGG,tatcgacgatgt,WACTAATCAATTWCCAAATCCTCC,ZFZR,14Deo01,repl1,/home/dechatre/Documents/Project-metabarcoding/metabarcoding/output/prerun_fasta/prerun_ZFZR_repl1.fasta,prerun
acgatccacagtg,AGATATTGGAACWTTATATTTTATTTTTGG,tatcgacgatgt,WACTAATCAATTWCCAAATCCTCC,ZFZR,14Deo02,repl1,/home/dechatre/Documents/Project-metabarcoding/metabarcoding/output/prerun_fasta/prerun_ZFZR_repl1.fasta,prerun
gatcgacagatc,AGATATTGGAACWTTATATTTTATTTTTGG,tatcgacgatgt,WACTAATCAATTWCCAAATCCTCC,ZFZR,14Deo03,repl1,/home/dechatre/Documents/Project-metabarcoding/metabarcoding/output/prerun_fasta/prerun_ZFZR_repl1.fasta,prerun
tgatcgatgatcag,AGATATTGGAACWTTATATTTTATTTTTGG,tatcgacgatgt,WACTAATCAATTWCCAAATCCTCC,ZFZR,14Deo04,repl1,/home/dechatre/Documents/Project-metabarcoding/metabarcoding/output/prerun_fasta/prerun_ZFZR_repl1.fasta,prerun
gtcgatcatgtca,AGATATTGGAACWTTATATTTTATTTTTGG,tatcgacgatgt,WACTAATCAATTWCCAAATCCTCC,ZFZR,14Ben01,repl1,/home/dechatre/Documents/Project-metabarcoding/metabarcoding/output/prerun_fasta/prerun_ZFZR_repl1.fasta,prerun
catcgagtagag,AGATATTGGAACWTTATATTTTATTTTTGG,tatcgacgatgt,WACTAATCAATTWCCAAATCCTCC,ZFZR,14Ben02,repl1,/home/dechatre/Documents/Project-metabarcoding/metabarcoding/output/prerun_fasta/prerun_ZFZR_repl1.fasta,prerun
agatcgtactagct,AGATATTGGAACWTTATATTTTATTTTTGG,tatcgacgatgt,WACTAATCAATTWCCAAATCCTCC,ZFZR,14Ben05,repl1,/home/dechatre/Documents/Project-metabarcoding/metabarcoding/output/prerun_fasta/prerun_ZFZR_repl1.fasta,prerun
cgatcgtcatcacg,AGATATTGGAACWTTATATTTTATTTTTGG,atatcgacagtg,WACTAATCAATTWCCAAATCCTCC,ZFZR,14Ben07,repl1,/home/dechatre/Documents/Project-metabarcoding/metabarcoding/output/prerun_fasta/prerun_ZFZR_repl1.fasta,prerun
tcgatcacgatgt,AGATATTGGAACWTTATATTTTATTTTTGG,atatcgacagtg,WACTAATCAATTWCCAAATCCTCC,ZFZR,14Ben08,repl1,/home/dechatre/Documents/Project-metabarcoding/metabarcoding/output/prerun_fasta/prerun_ZFZR_repl1.fasta,prerun
acgatccacagtg,AGATATTGGAACWTTATATTTTATTTTTGG,atatcgacagtg,WACTAATCAATTWCCAAATCCTCC,ZFZR,14Ben09,repl1,/home/dechatre/Documents/Project-metabarcoding/metabarcoding/output/prerun_fasta/prerun_ZFZR_repl1.fasta,prerun
gatcgacagatc,AGATATTGGAACWTTATATTTTATTTTTGG,atatcgacagtg,WACTAATCAATTWCCAAATCCTCC,ZFZR,14Ben06,repl1,/home/dechatre/Documents/Project-metabarcoding/metabarcoding/output/prerun_fasta/prerun_ZFZR_repl1.fasta,prerun
tgatcgatgatcag,AGATATTGGAACWTTATATTTTATTTTTGG,atatcgacagtg,WACTAATCAATTWCCAAATCCTCC,ZFZR,14Cro01,repl1,/home/dechatre/Documents/Project-metabarcoding/metabarcoding/output/prerun_fasta/prerun_ZFZR_repl1.fasta,prerun
gtcgatcatgtca,AGATATTGGAACWTTATATTTTATTTTTGG,atatcgacagtg,WACTAATCAATTWCCAAATCCTCC,ZFZR,14Cro02,repl1,/home/dechatre/Documents/Project-metabarcoding/metabarcoding/output/prerun_fasta/prerun_ZFZR_repl1.fasta,prerun
catcgagtagag,AGATATTGGAACWTTATATTTTATTTTTGG,atatcgacagtg,WACTAATCAATTWCCAAATCCTCC,ZFZR,14Cro03,repl1,/home/dechatre/Documents/Project-metabarcoding/metabarcoding/output/prerun_fasta/prerun_ZFZR_repl1.fasta,prerun
agatcgtactagct,AGATATTGGAACWTTATATTTTATTTTTGG,atatcgacagtg,WACTAATCAATTWCCAAATCCTCC,ZFZR,14Cro04,repl1,/home/dechatre/Documents/Project-metabarcoding/metabarcoding/output/prerun_fasta/prerun_ZFZR_repl1.fasta,prerun
cgatcgtcatcacg,AGATATTGGAACWTTATATTTTATTTTTGG,gcgatcagcagatc,WACTAATCAATTWCCAAATCCTCC,ZFZR,14Cro06,repl1,/home/dechatre/Documents/Project-metabarcoding/metabarcoding/output/prerun_fasta/prerun_ZFZR_repl1.fasta,prerun
tcgatcacgatgt,AGATATTGGAACWTTATATTTTATTTTTGG,gcgatcagcagatc,WACTAATCAATTWCCAAATCCTCC,ZFZR,14Cro07,repl1,/home/dechatre/Documents/Project-metabarcoding/metabarcoding/output/prerun_fasta/prerun_ZFZR_repl1.fasta,prerun
acgatccacagtg,AGATATTGGAACWTTATATTTTATTTTTGG,gcgatcagcagatc,WACTAATCAATTWCCAAATCCTCC,ZFZR,14Cro09,repl1,/home/dechatre/Documents/Project-metabarcoding/metabarcoding/output/prerun_fasta/prerun_ZFZR_repl1.fasta,prerun
gatcgacagatc,AGATATTGGAACWTTATATTTTATTTTTGG,gcgatcagcagatc,WACTAATCAATTWCCAAATCCTCC,ZFZR,14Cro10,repl1,/home/dechatre/Documents/Project-metabarcoding/metabarcoding/output/prerun_fasta/prerun_ZFZR_repl1.fasta,prerun
tgatcgatgatcag,AGATATTGGAACWTTATATTTTATTTTTGG,gcgatcagcagatc,WACTAATCAATTWCCAAATCCTCC,ZFZR,14Cro11,repl1,/home/dechatre/Documents/Project-metabarcoding/metabarcoding/output/prerun_fasta/prerun_ZFZR_repl1.fasta,prerun
gtcgatcatgtca,AGATATTGGAACWTTATATTTTATTTTTGG,gcgatcagcagatc,WACTAATCAATTWCCAAATCCTCC,ZFZR,14Cro12,repl1,/home/dechatre/Documents/Project-metabarcoding/metabarcoding/output/prerun_fasta/prerun_ZFZR_repl1.fasta,prerun
catcgagtagag,AGATATTGGAACWTTATATTTTATTTTTGG,gcgatcagcagatc,WACTAATCAATTWCCAAATCCTCC,ZFZR,14Cro13,repl1,/home/dechatre/Documents/Project-metabarcoding/metabarcoding/output/prerun_fasta/prerun_ZFZR_repl1.fasta,prerun
agatcgtactagct,AGATATTGGAACWTTATATTTTATTTTTGG,gcgatcagcagatc,WACTAATCAATTWCCAAATCCTCC,ZFZR,14Cro14,repl1,/home/dechatre/Documents/Project-metabarcoding/metabarcoding/output/prerun_fasta/prerun_ZFZR_repl1.fasta,prerun
cgatcgtcatcacg,AGATATTGGAACWTTATATTTTATTTTTGG,tctcgatgatcag,WACTAATCAATTWCCAAATCCTCC,ZFZR,14Cro15,repl1,/home/dechatre/Documents/Project-metabarcoding/metabarcoding/output/prerun_fasta/prerun_ZFZR_repl1.fasta,prerun
tcgatcacgatgt,AGATATTGGAACWTTATATTTTATTTTTGG,tctcgatgatcag,WACTAATCAATTWCCAAATCCTCC,ZFZR,14Cro16,repl1,/home/dechatre/Documents/Project-metabarcoding/metabarcoding/output/prerun_fasta/prerun_ZFZR_repl1.fasta,prerun
acgatccacagtg,AGATATTGGAACWTTATATTTTATTTTTGG,tctcgatgatcag,WACTAATCAATTWCCAAATCCTCC,ZFZR,14Cro17,repl1,/home/dechatre/Documents/Project-metabarcoding/metabarcoding/output/prerun_fasta/prerun_ZFZR_repl1.fasta,prerun
gatcgacagatc,AGATATTGGAACWTTATATTTTATTTTTGG,tctcgatgatcag,WACTAATCAATTWCCAAATCCTCC,ZFZR,P1,repl1,/home/dechatre/Documents/Project-metabarcoding/metabarcoding/output/prerun_fasta/prerun_ZFZR_repl1.fasta,prerun
tgatcgatgatcag,AGATATTGGAACWTTATATTTTATTTTTGG,tctcgatgatcag,WACTAATCAATTWCCAAATCCTCC,ZFZR,P2,repl1,/home/dechatre/Documents/Project-metabarcoding/metabarcoding/output/prerun_fasta/prerun_ZFZR_repl1.fasta,prerun
gtcgatcatgtca,AGATATTGGAACWTTATATTTTATTTTTGG,tctcgatgatcag,WACTAATCAATTWCCAAATCCTCC,ZFZR,P3,repl1,/home/dechatre/Documents/Project-metabarcoding/metabarcoding/output/prerun_fasta/prerun_ZFZR_repl1.fasta,prerun
catcgagtagag,AGATATTGGAACWTTATATTTTATTTTTGG,tctcgatgatcag,WACTAATCAATTWCCAAATCCTCC,ZFZR,P4,repl1,/home/dechatre/Documents/Project-metabarcoding/metabarcoding/output/prerun_fasta/prerun_ZFZR_repl1.fasta,prerun
agatcgtactagct,AGATATTGGAACWTTATATTTTATTTTTGG,tctcgatgatcag,WACTAATCAATTWCCAAATCCTCC,ZFZR,P5,repl1,/home/dechatre/Documents/Project-metabarcoding/metabarcoding/output/prerun_fasta/prerun_ZFZR_repl1.fasta,prerun
cgatcgtcatcacg,AGATATTGGAACWTTATATTTTATTTTTGG,gagatcatgtca,WACTAATCAATTWCCAAATCCTCC,ZFZR,TnegPCR_prerun,repl1,/home/dechatre/Documents/Project-metabarcoding/metabarcoding/output/prerun_fasta/prerun_ZFZR_repl1.fasta,prerun
tcgatcacgatgt,AGATATTGGAACWTTATATTTTATTTTTGG,gagatcatgtca,WACTAATCAATTWCCAAATCCTCC,ZFZR,Tpos1_prerun,repl1,/home/dechatre/Documents/Project-metabarcoding/metabarcoding/output/prerun_fasta/prerun_ZFZR_repl1.fasta,prerun
acgatccacagtg,AGATATTGGAACWTTATATTTTATTTTTGG,gagatcatgtca,WACTAATCAATTWCCAAATCCTCC,ZFZR,TnegExt1_prerun,repl1,/home/dechatre/Documents/Project-metabarcoding/metabarcoding/output/prerun_fasta/prerun_ZFZR_repl1.fasta,prerun
gatcgacagatc,AGATATTGGAACWTTATATTTTATTTTTGG,gagatcatgtca,WACTAATCAATTWCCAAATCCTCC,ZFZR,TnegExt2_prerun,repl1,/home/dechatre/Documents/Project-metabarcoding/metabarcoding/output/prerun_fasta/prerun_ZFZR_repl1.fasta,prerun
tgatcgatgatcag,AGATATTGGAACWTTATATTTTATTTTTGG,gagatcatgtca,WACTAATCAATTWCCAAATCCTCC,ZFZR,Tpos2_prerun,repl1,/home/dechatre/Documents/Project-metabarcoding/metabarcoding/output/prerun_fasta/prerun_ZFZR_repl1.fasta,prerun
gtcgatcatgtca,AGATATTGGAACWTTATATTTTATTTTTGG,gagatcatgtca,WACTAATCAATTWCCAAATCCTCC,ZFZR,TnegPai1_prerun,repl1,/home/dechatre/Documents/Project-metabarcoding/metabarcoding/output/prerun_fasta/prerun_ZFZR_repl1.fasta,prerun
catcgagtagag,AGATATTGGAACWTTATATTTTATTTTTGG,gagatcatgtca,WACTAATCAATTWCCAAATCCTCC,ZFZR,TnegPai2_prerun,repl1,/home/dechatre/Documents/Project-metabarcoding/metabarcoding/output/prerun_fasta/prerun_ZFZR_repl1.fasta,prerun
agatcgtactagct,AGATATTGGAACWTTATATTTTATTTTTGG,gagatcatgtca,WACTAATCAATTWCCAAATCCTCC,ZFZR,TnegTag_prerun,repl1,/home/dechatre/Documents/Project-metabarcoding/metabarcoding/output/prerun_fasta/prerun_ZFZR_repl1.fasta,prerun
cgatcgtcatcacg,AGATATTGGAACWTTATATTTTATTTTTGG,ctcgatgatcacg,WACTAATCAATTWCCAAATCCTCC,ZFZR,14Mon01,repl2,/home/dechatre/Documents/Project-metabarcoding/metabarcoding/output/prerun_fasta/prerun_ZFZR_repl2.fasta,prerun
tcgatcacgatgt,AGATATTGGAACWTTATATTTTATTTTTGG,ctcgatgatcacg,WACTAATCAATTWCCAAATCCTCC,ZFZR,14Mon02,repl2,/home/dechatre/Documents/Project-metabarcoding/metabarcoding/output/prerun_fasta/prerun_ZFZR_repl2.fasta,prerun
acgatccacagtg,AGATATTGGAACWTTATATTTTATTTTTGG,ctcgatgatcacg,WACTAATCAATTWCCAAATCCTCC,ZFZR,14Mon03,repl2,/home/dechatre/Documents/Project-metabarcoding/metabarcoding/output/prerun_fasta/prerun_ZFZR_repl2.fasta,prerun
gatcgacagatc,AGATATTGGAACWTTATATTTTATTTTTGG,ctcgatgatcacg,WACTAATCAATTWCCAAATCCTCC,ZFZR,14Mon04,repl2,/home/dechatre/Documents/Project-metabarcoding/metabarcoding/output/prerun_fasta/prerun_ZFZR_repl2.fasta,prerun
tgatcgatgatcag,AGATATTGGAACWTTATATTTTATTTTTGG,ctcgatgatcacg,WACTAATCAATTWCCAAATCCTCC,ZFZR,14Mon05,repl2,/home/dechatre/Documents/Project-metabarcoding/metabarcoding/output/prerun_fasta/prerun_ZFZR_repl2.fasta,prerun
gtcgatcatgtca,AGATATTGGAACWTTATATTTTATTTTTGG,ctcgatgatcacg,WACTAATCAATTWCCAAATCCTCC,ZFZR,14Mon06,repl2,/home/dechatre/Documents/Project-metabarcoding/metabarcoding/output/prerun_fasta/prerun_ZFZR_repl2.fasta,prerun
catcgagtagag,AGATATTGGAACWTTATATTTTATTTTTGG,ctcgatgatcacg,WACTAATCAATTWCCAAATCCTCC,ZFZR,14Mon07,repl2,/home/dechatre/Documents/Project-metabarcoding/metabarcoding/output/prerun_fasta/prerun_ZFZR_repl2.fasta,prerun
agatcgtactagct,AGATATTGGAACWTTATATTTTATTTTTGG,ctcgatgatcacg,WACTAATCAATTWCCAAATCCTCC,ZFZR,14Mon09,repl2,/home/dechatre/Documents/Project-metabarcoding/metabarcoding/output/prerun_fasta/prerun_ZFZR_repl2.fasta,prerun
cgatcgtcatcacg,AGATATTGGAACWTTATATTTTATTTTTGG,tatcgacgatgt,WACTAATCAATTWCCAAATCCTCC,ZFZR,14Mon10,repl2,/home/dechatre/Documents/Project-metabarcoding/metabarcoding/output/prerun_fasta/prerun_ZFZR_repl2.fasta,prerun
tcgatcacgatgt,AGATATTGGAACWTTATATTTTATTTTTGG,tatcgacgatgt,WACTAATCAATTWCCAAATCCTCC,ZFZR,14Deo01,repl2,/home/dechatre/Documents/Project-metabarcoding/metabarcoding/output/prerun_fasta/prerun_ZFZR_repl2.fasta,prerun
acgatccacagtg,AGATATTGGAACWTTATATTTTATTTTTGG,tatcgacgatgt,WACTAATCAATTWCCAAATCCTCC,ZFZR,14Deo02,repl2,/home/dechatre/Documents/Project-metabarcoding/metabarcoding/output/prerun_fasta/prerun_ZFZR_repl2.fasta,prerun
gatcgacagatc,AGATATTGGAACWTTATATTTTATTTTTGG,tatcgacgatgt,WACTAATCAATTWCCAAATCCTCC,ZFZR,14Deo03,repl2,/home/dechatre/Documents/Project-metabarcoding/metabarcoding/output/prerun_fasta/prerun_ZFZR_repl2.fasta,prerun
tgatcgatgatcag,AGATATTGGAACWTTATATTTTATTTTTGG,tatcgacgatgt,WACTAATCAATTWCCAAATCCTCC,ZFZR,14Deo04,repl2,/home/dechatre/Documents/Project-metabarcoding/metabarcoding/output/prerun_fasta/prerun_ZFZR_repl2.fasta,prerun
gtcgatcatgtca,AGATATTGGAACWTTATATTTTATTTTTGG,tatcgacgatgt,WACTAATCAATTWCCAAATCCTCC,ZFZR,14Ben01,repl2,/home/dechatre/Documents/Project-metabarcoding/metabarcoding/output/prerun_fasta/prerun_ZFZR_repl2.fasta,prerun
catcgagtagag,AGATATTGGAACWTTATATTTTATTTTTGG,tatcgacgatgt,WACTAATCAATTWCCAAATCCTCC,ZFZR,14Ben02,repl2,/home/dechatre/Documents/Project-metabarcoding/metabarcoding/output/prerun_fasta/prerun_ZFZR_repl2.fasta,prerun
agatcgtactagct,AGATATTGGAACWTTATATTTTATTTTTGG,tatcgacgatgt,WACTAATCAATTWCCAAATCCTCC,ZFZR,14Ben05,repl2,/home/dechatre/Documents/Project-metabarcoding/metabarcoding/output/prerun_fasta/prerun_ZFZR_repl2.fasta,prerun
cgatcgtcatcacg,AGATATTGGAACWTTATATTTTATTTTTGG,atatcgacagtg,WACTAATCAATTWCCAAATCCTCC,ZFZR,14Ben07,repl2,/home/dechatre/Documents/Project-metabarcoding/metabarcoding/output/prerun_fasta/prerun_ZFZR_repl2.fasta,prerun
tcgatcacgatgt,AGATATTGGAACWTTATATTTTATTTTTGG,atatcgacagtg,WACTAATCAATTWCCAAATCCTCC,ZFZR,14Ben08,repl2,/home/dechatre/Documents/Project-metabarcoding/metabarcoding/output/prerun_fasta/prerun_ZFZR_repl2.fasta,prerun
acgatccacagtg,AGATATTGGAACWTTATATTTTATTTTTGG,atatcgacagtg,WACTAATCAATTWCCAAATCCTCC,ZFZR,14Ben09,repl2,/home/dechatre/Documents/Project-metabarcoding/metabarcoding/output/prerun_fasta/prerun_ZFZR_repl2.fasta,prerun
gatcgacagatc,AGATATTGGAACWTTATATTTTATTTTTGG,atatcgacagtg,WACTAATCAATTWCCAAATCCTCC,ZFZR,14Ben06,repl2,/home/dechatre/Documents/Project-metabarcoding/metabarcoding/output/prerun_fasta/prerun_ZFZR_repl2.fasta,prerun
tgatcgatgatcag,AGATATTGGAACWTTATATTTTATTTTTGG,atatcgacagtg,WACTAATCAATTWCCAAATCCTCC,ZFZR,14Cro01,repl2,/home/dechatre/Documents/Project-metabarcoding/metabarcoding/output/prerun_fasta/prerun_ZFZR_repl2.fasta,prerun
gtcgatcatgtca,AGATATTGGAACWTTATATTTTATTTTTGG,atatcgacagtg,WACTAATCAATTWCCAAATCCTCC,ZFZR,14Cro02,repl2,/home/dechatre/Documents/Project-metabarcoding/metabarcoding/output/prerun_fasta/prerun_ZFZR_repl2.fasta,prerun
catcgagtagag,AGATATTGGAACWTTATATTTTATTTTTGG,atatcgacagtg,WACTAATCAATTWCCAAATCCTCC,ZFZR,14Cro03,repl2,/home/dechatre/Documents/Project-metabarcoding/metabarcoding/output/prerun_fasta/prerun_ZFZR_repl2.fasta,prerun
agatcgtactagct,AGATATTGGAACWTTATATTTTATTTTTGG,atatcgacagtg,WACTAATCAATTWCCAAATCCTCC,ZFZR,14Cro04,repl2,/home/dechatre/Documents/Project-metabarcoding/metabarcoding/output/prerun_fasta/prerun_ZFZR_repl2.fasta,prerun
cgatcgtcatcacg,AGATATTGGAACWTTATATTTTATTTTTGG,gcgatcagcagatc,WACTAATCAATTWCCAAATCCTCC,ZFZR,14Cro06,repl2,/home/dechatre/Documents/Project-metabarcoding/metabarcoding/output/prerun_fasta/prerun_ZFZR_repl2.fasta,prerun
tcgatcacgatgt,AGATATTGGAACWTTATATTTTATTTTTGG,gcgatcagcagatc,WACTAATCAATTWCCAAATCCTCC,ZFZR,14Cro07,repl2,/home/dechatre/Documents/Project-metabarcoding/metabarcoding/output/prerun_fasta/prerun_ZFZR_repl2.fasta,prerun
acgatccacagtg,AGATATTGGAACWTTATATTTTATTTTTGG,gcgatcagcagatc,WACTAATCAATTWCCAAATCCTCC,ZFZR,14Cro09,repl2,/home/dechatre/Documents/Project-metabarcoding/metabarcoding/output/prerun_fasta/prerun_ZFZR_repl2.fasta,prerun
gatcgacagatc,AGATATTGGAACWTTATATTTTATTTTTGG,gcgatcagcagatc,WACTAATCAATTWCCAAATCCTCC,ZFZR,14Cro10,repl2,/home/dechatre/Documents/Project-metabarcoding/metabarcoding/output/prerun_fasta/prerun_ZFZR_repl2.fasta,prerun
tgatcgatgatcag,AGATATTGGAACWTTATATTTTATTTTTGG,gcgatcagcagatc,WACTAATCAATTWCCAAATCCTCC,ZFZR,14Cro11,repl2,/home/dechatre/Documents/Project-metabarcoding/metabarcoding/output/prerun_fasta/prerun_ZFZR_repl2.fasta,prerun
gtcgatcatgtca,AGATATTGGAACWTTATATTTTATTTTTGG,gcgatcagcagatc,WACTAATCAATTWCCAAATCCTCC,ZFZR,14Cro12,repl2,/home/dechatre/Documents/Project-metabarcoding/metabarcoding/output/prerun_fasta/prerun_ZFZR_repl2.fasta,prerun
catcgagtagag,AGATATTGGAACWTTATATTTTATTTTTGG,gcgatcagcagatc,WACTAATCAATTWCCAAATCCTCC,ZFZR,14Cro13,repl2,/home/dechatre/Documents/Project-metabarcoding/metabarcoding/output/prerun_fasta/prerun_ZFZR_repl2.fasta,prerun
agatcgtactagct,AGATATTGGAACWTTATATTTTATTTTTGG,gcgatcagcagatc,WACTAATCAATTWCCAAATCCTCC,ZFZR,14Cro14,repl2,/home/dechatre/Documents/Project-metabarcoding/metabarcoding/output/prerun_fasta/prerun_ZFZR_repl2.fasta,prerun
cgatcgtcatcacg,AGATATTGGAACWTTATATTTTATTTTTGG,tctcgatgatcag,WACTAATCAATTWCCAAATCCTCC,ZFZR,14Cro15,repl2,/home/dechatre/Documents/Project-metabarcoding/metabarcoding/output/prerun_fasta/prerun_ZFZR_repl2.fasta,prerun
tcgatcacgatgt,AGATATTGGAACWTTATATTTTATTTTTGG,tctcgatgatcag,WACTAATCAATTWCCAAATCCTCC,ZFZR,14Cro16,repl2,/home/dechatre/Documents/Project-metabarcoding/metabarcoding/output/prerun_fasta/prerun_ZFZR_repl2.fasta,prerun
acgatccacagtg,AGATATTGGAACWTTATATTTTATTTTTGG,tctcgatgatcag,WACTAATCAATTWCCAAATCCTCC,ZFZR,14Cro17,repl2,/home/dechatre/Documents/Project-metabarcoding/metabarcoding/output/prerun_fasta/prerun_ZFZR_repl2.fasta,prerun
gatcgacagatc,AGATATTGGAACWTTATATTTTATTTTTGG,tctcgatgatcag,WACTAATCAATTWCCAAATCCTCC,ZFZR,P1,repl2,/home/dechatre/Documents/Project-metabarcoding/metabarcoding/output/prerun_fasta/prerun_ZFZR_repl2.fasta,prerun
tgatcgatgatcag,AGATATTGGAACWTTATATTTTATTTTTGG,tctcgatgatcag,WACTAATCAATTWCCAAATCCTCC,ZFZR,P2,repl2,/home/dechatre/Documents/Project-metabarcoding/metabarcoding/output/prerun_fasta/prerun_ZFZR_repl2.fasta,prerun
gtcgatcatgtca,AGATATTGGAACWTTATATTTTATTTTTGG,tctcgatgatcag,WACTAATCAATTWCCAAATCCTCC,ZFZR,P3,repl2,/home/dechatre/Documents/Project-metabarcoding/metabarcoding/output/prerun_fasta/prerun_ZFZR_repl2.fasta,prerun
catcgagtagag,AGATATTGGAACWTTATATTTTATTTTTGG,tctcgatgatcag,WACTAATCAATTWCCAAATCCTCC,ZFZR,P4,repl2,/home/dechatre/Documents/Project-metabarcoding/metabarcoding/output/prerun_fasta/prerun_ZFZR_repl2.fasta,prerun
agatcgtactagct,AGATATTGGAACWTTATATTTTATTTTTGG,tctcgatgatcag,WACTAATCAATTWCCAAATCCTCC,ZFZR,P5,repl2,/home/dechatre/Documents/Project-metabarcoding/metabarcoding/output/prerun_fasta/prerun_ZFZR_repl2.fasta,prerun
cgatcgtcatcacg,AGATATTGGAACWTTATATTTTATTTTTGG,gagatcatgtca,WACTAATCAATTWCCAAATCCTCC,ZFZR,TnegPCR_prerun,repl2,/home/dechatre/Documents/Project-metabarcoding/metabarcoding/output/prerun_fasta/prerun_ZFZR_repl2.fasta,prerun
tcgatcacgatgt,AGATATTGGAACWTTATATTTTATTTTTGG,gagatcatgtca,WACTAATCAATTWCCAAATCCTCC,ZFZR,Tpos1_prerun,repl2,/home/dechatre/Documents/Project-metabarcoding/metabarcoding/output/prerun_fasta/prerun_ZFZR_repl2.fasta,prerun
acgatccacagtg,AGATATTGGAACWTTATATTTTATTTTTGG,gagatcatgtca,WACTAATCAATTWCCAAATCCTCC,ZFZR,TnegExt1_prerun,repl2,/home/dechatre/Documents/Project-metabarcoding/metabarcoding/output/prerun_fasta/prerun_ZFZR_repl2.fasta,prerun
gatcgacagatc,AGATATTGGAACWTTATATTTTATTTTTGG,gagatcatgtca,WACTAATCAATTWCCAAATCCTCC,ZFZR,TnegExt2_prerun,repl2,/home/dechatre/Documents/Project-metabarcoding/metabarcoding/output/prerun_fasta/prerun_ZFZR_repl2.fasta,prerun
tgatcgatgatcag,AGATATTGGAACWTTATATTTTATTTTTGG,gagatcatgtca,WACTAATCAATTWCCAAATCCTCC,ZFZR,Tpos2_prerun,repl2,/home/dechatre/Documents/Project-metabarcoding/metabarcoding/output/prerun_fasta/prerun_ZFZR_repl2.fasta,prerun
gtcgatcatgtca,AGATATTGGAACWTTATATTTTATTTTTGG,gagatcatgtca,WACTAATCAATTWCCAAATCCTCC,ZFZR,TnegPai1_prerun,repl2,/home/dechatre/Documents/Project-metabarcoding/metabarcoding/output/prerun_fasta/prerun_ZFZR_repl2.fasta,prerun
catcgagtagag,AGATATTGGAACWTTATATTTTATTTTTGG,gagatcatgtca,WACTAATCAATTWCCAAATCCTCC,ZFZR,TnegPai2_prerun,repl2,/home/dechatre/Documents/Project-metabarcoding/metabarcoding/output/prerun_fasta/prerun_ZFZR_repl2.fasta,prerun
agatcgtactagct,AGATATTGGAACWTTATATTTTATTTTTGG,gagatcatgtca,WACTAATCAATTWCCAAATCCTCC,ZFZR,TnegTag_prerun,repl2,/home/dechatre/Documents/Project-metabarcoding/metabarcoding/output/prerun_fasta/prerun_ZFZR_repl2.fasta,prerun
cgatcgtcatcacg,AGATATTGGAACWTTATATTTTATTTTTGG,ctcgatgatcacg,WACTAATCAATTWCCAAATCCTCC,ZFZR,14Mon01,repl3,/home/dechatre/Documents/Project-metabarcoding/metabarcoding/output/prerun_fasta/prerun_ZFZR_repl3.fasta,prerun
tcgatcacgatgt,AGATATTGGAACWTTATATTTTATTTTTGG,ctcgatgatcacg,WACTAATCAATTWCCAAATCCTCC,ZFZR,14Mon02,repl3,/home/dechatre/Documents/Project-metabarcoding/metabarcoding/output/prerun_fasta/prerun_ZFZR_repl3.fasta,prerun
acgatccacagtg,AGATATTGGAACWTTATATTTTATTTTTGG,ctcgatgatcacg,WACTAATCAATTWCCAAATCCTCC,ZFZR,14Mon03,repl3,/home/dechatre/Documents/Project-metabarcoding/metabarcoding/output/prerun_fasta/prerun_ZFZR_repl3.fasta,prerun
gatcgacagatc,AGATATTGGAACWTTATATTTTATTTTTGG,ctcgatgatcacg,WACTAATCAATTWCCAAATCCTCC,ZFZR,14Mon04,repl3,/home/dechatre/Documents/Project-metabarcoding/metabarcoding/output/prerun_fasta/prerun_ZFZR_repl3.fasta,prerun
tgatcgatgatcag,AGATATTGGAACWTTATATTTTATTTTTGG,ctcgatgatcacg,WACTAATCAATTWCCAAATCCTCC,ZFZR,14Mon05,repl3,/home/dechatre/Documents/Project-metabarcoding/metabarcoding/output/prerun_fasta/prerun_ZFZR_repl3.fasta,prerun
gtcgatcatgtca,AGATATTGGAACWTTATATTTTATTTTTGG,ctcgatgatcacg,WACTAATCAATTWCCAAATCCTCC,ZFZR,14Mon06,repl3,/home/dechatre/Documents/Project-metabarcoding/metabarcoding/output/prerun_fasta/prerun_ZFZR_repl3.fasta,prerun
catcgagtagag,AGATATTGGAACWTTATATTTTATTTTTGG,ctcgatgatcacg,WACTAATCAATTWCCAAATCCTCC,ZFZR,14Mon07,repl3,/home/dechatre/Documents/Project-metabarcoding/metabarcoding/output/prerun_fasta/prerun_ZFZR_repl3.fasta,prerun
agatcgtactagct,AGATATTGGAACWTTATATTTTATTTTTGG,ctcgatgatcacg,WACTAATCAATTWCCAAATCCTCC,ZFZR,14Mon09,repl3,/home/dechatre/Documents/Project-metabarcoding/metabarcoding/output/prerun_fasta/prerun_ZFZR_repl3.fasta,prerun
cgatcgtcatcacg,AGATATTGGAACWTTATATTTTATTTTTGG,tatcgacgatgt,WACTAATCAATTWCCAAATCCTCC,ZFZR,14Mon10,repl3,/home/dechatre/Documents/Project-metabarcoding/metabarcoding/output/prerun_fasta/prerun_ZFZR_repl3.fasta,prerun
tcgatcacgatgt,AGATATTGGAACWTTATATTTTATTTTTGG,tatcgacgatgt,WACTAATCAATTWCCAAATCCTCC,ZFZR,14Deo01,repl3,/home/dechatre/Documents/Project-metabarcoding/metabarcoding/output/prerun_fasta/prerun_ZFZR_repl3.fasta,prerun
acgatccacagtg,AGATATTGGAACWTTATATTTTATTTTTGG,tatcgacgatgt,WACTAATCAATTWCCAAATCCTCC,ZFZR,14Deo02,repl3,/home/dechatre/Documents/Project-metabarcoding/metabarcoding/output/prerun_fasta/prerun_ZFZR_repl3.fasta,prerun
gatcgacagatc,AGATATTGGAACWTTATATTTTATTTTTGG,tatcgacgatgt,WACTAATCAATTWCCAAATCCTCC,ZFZR,14Deo03,repl3,/home/dechatre/Documents/Project-metabarcoding/metabarcoding/output/prerun_fasta/prerun_ZFZR_repl3.fasta,prerun
tgatcgatgatcag,AGATATTGGAACWTTATATTTTATTTTTGG,tatcgacgatgt,WACTAATCAATTWCCAAATCCTCC,ZFZR,14Deo04,repl3,/home/dechatre/Documents/Project-metabarcoding/metabarcoding/output/prerun_fasta/prerun_ZFZR_repl3.fasta,prerun
gtcgatcatgtca,AGATATTGGAACWTTATATTTTATTTTTGG,tatcgacgatgt,WACTAATCAATTWCCAAATCCTCC,ZFZR,14Ben01,repl3,/home/dechatre/Documents/Project-metabarcoding/metabarcoding/output/prerun_fasta/prerun_ZFZR_repl3.fasta,prerun
catcgagtagag,AGATATTGGAACWTTATATTTTATTTTTGG,tatcgacgatgt,WACTAATCAATTWCCAAATCCTCC,ZFZR,14Ben02,repl3,/home/dechatre/Documents/Project-metabarcoding/metabarcoding/output/prerun_fasta/prerun_ZFZR_repl3.fasta,prerun
agatcgtactagct,AGATATTGGAACWTTATATTTTATTTTTGG,tatcgacgatgt,WACTAATCAATTWCCAAATCCTCC,ZFZR,14Ben05,repl3,/home/dechatre/Documents/Project-metabarcoding/metabarcoding/output/prerun_fasta/prerun_ZFZR_repl3.fasta,prerun
cgatcgtcatcacg,AGATATTGGAACWTTATATTTTATTTTTGG,atatcgacagtg,WACTAATCAATTWCCAAATCCTCC,ZFZR,14Ben07,repl3,/home/dechatre/Documents/Project-metabarcoding/metabarcoding/output/prerun_fasta/prerun_ZFZR_repl3.fasta,prerun
tcgatcacgatgt,AGATATTGGAACWTTATATTTTATTTTTGG,atatcgacagtg,WACTAATCAATTWCCAAATCCTCC,ZFZR,14Ben08,repl3,/home/dechatre/Documents/Project-metabarcoding/metabarcoding/output/prerun_fasta/prerun_ZFZR_repl3.fasta,prerun
acgatccacagtg,AGATATTGGAACWTTATATTTTATTTTTGG,atatcgacagtg,WACTAATCAATTWCCAAATCCTCC,ZFZR,14Ben09,repl3,/home/dechatre/Documents/Project-metabarcoding/metabarcoding/output/prerun_fasta/prerun_ZFZR_repl3.fasta,prerun
gatcgacagatc,AGATATTGGAACWTTATATTTTATTTTTGG,atatcgacagtg,WACTAATCAATTWCCAAATCCTCC,ZFZR,14Ben06,repl3,/home/dechatre/Documents/Project-metabarcoding/metabarcoding/output/prerun_fasta/prerun_ZFZR_repl3.fasta,prerun
tgatcgatgatcag,AGATATTGGAACWTTATATTTTATTTTTGG,atatcgacagtg,WACTAATCAATTWCCAAATCCTCC,ZFZR,14Cro01,repl3,/home/dechatre/Documents/Project-metabarcoding/metabarcoding/output/prerun_fasta/prerun_ZFZR_repl3.fasta,prerun
gtcgatcatgtca,AGATATTGGAACWTTATATTTTATTTTTGG,atatcgacagtg,WACTAATCAATTWCCAAATCCTCC,ZFZR,14Cro02,repl3,/home/dechatre/Documents/Project-metabarcoding/metabarcoding/output/prerun_fasta/prerun_ZFZR_repl3.fasta,prerun
catcgagtagag,AGATATTGGAACWTTATATTTTATTTTTGG,atatcgacagtg,WACTAATCAATTWCCAAATCCTCC,ZFZR,14Cro03,repl3,/home/dechatre/Documents/Project-metabarcoding/metabarcoding/output/prerun_fasta/prerun_ZFZR_repl3.fasta,prerun
agatcgtactagct,AGATATTGGAACWTTATATTTTATTTTTGG,atatcgacagtg,WACTAATCAATTWCCAAATCCTCC,ZFZR,14Cro04,repl3,/home/dechatre/Documents/Project-metabarcoding/metabarcoding/output/prerun_fasta/prerun_ZFZR_repl3.fasta,prerun
cgatcgtcatcacg,AGATATTGGAACWTTATATTTTATTTTTGG,gcgatcagcagatc,WACTAATCAATTWCCAAATCCTCC,ZFZR,14Cro06,repl3,/home/dechatre/Documents/Project-metabarcoding/metabarcoding/output/prerun_fasta/prerun_ZFZR_repl3.fasta,prerun
tcgatcacgatgt,AGATATTGGAACWTTATATTTTATTTTTGG,gcgatcagcagatc,WACTAATCAATTWCCAAATCCTCC,ZFZR,14Cro07,repl3,/home/dechatre/Documents/Project-metabarcoding/metabarcoding/output/prerun_fasta/prerun_ZFZR_repl3.fasta,prerun
acgatccacagtg,AGATATTGGAACWTTATATTTTATTTTTGG,gcgatcagcagatc,WACTAATCAATTWCCAAATCCTCC,ZFZR,14Cro09,repl3,/home/dechatre/Documents/Project-metabarcoding/metabarcoding/output/prerun_fasta/prerun_ZFZR_repl3.fasta,prerun
gatcgacagatc,AGATATTGGAACWTTATATTTTATTTTTGG,gcgatcagcagatc,WACTAATCAATTWCCAAATCCTCC,ZFZR,14Cro10,repl3,/home/dechatre/Documents/Project-metabarcoding/metabarcoding/output/prerun_fasta/prerun_ZFZR_repl3.fasta,prerun
tgatcgatgatcag,AGATATTGGAACWTTATATTTTATTTTTGG,gcgatcagcagatc,WACTAATCAATTWCCAAATCCTCC,ZFZR,14Cro11,repl3,/home/dechatre/Documents/Project-metabarcoding/metabarcoding/output/prerun_fasta/prerun_ZFZR_repl3.fasta,prerun
gtcgatcatgtca,AGATATTGGAACWTTATATTTTATTTTTGG,gcgatcagcagatc,WACTAATCAATTWCCAAATCCTCC,ZFZR,14Cro12,repl3,/home/dechatre/Documents/Project-metabarcoding/metabarcoding/output/prerun_fasta/prerun_ZFZR_repl3.fasta,prerun
catcgagtagag,AGATATTGGAACWTTATATTTTATTTTTGG,gcgatcagcagatc,WACTAATCAATTWCCAAATCCTCC,ZFZR,14Cro13,repl3,/home/dechatre/Documents/Project-metabarcoding/metabarcoding/output/prerun_fasta/prerun_ZFZR_repl3.fasta,prerun
agatcgtactagct,AGATATTGGAACWTTATATTTTATTTTTGG,gcgatcagcagatc,WACTAATCAATTWCCAAATCCTCC,ZFZR,14Cro14,repl3,/home/dechatre/Documents/Project-metabarcoding/metabarcoding/output/prerun_fasta/prerun_ZFZR_repl3.fasta,prerun
cgatcgtcatcacg,AGATATTGGAACWTTATATTTTATTTTTGG,tctcgatgatcag,WACTAATCAATTWCCAAATCCTCC,ZFZR,14Cro15,repl3,/home/dechatre/Documents/Project-metabarcoding/metabarcoding/output/prerun_fasta/prerun_ZFZR_repl3.fasta,prerun
tcgatcacgatgt,AGATATTGGAACWTTATATTTTATTTTTGG,tctcgatgatcag,WACTAATCAATTWCCAAATCCTCC,ZFZR,14Cro16,repl3,/home/dechatre/Documents/Project-metabarcoding/metabarcoding/output/prerun_fasta/prerun_ZFZR_repl3.fasta,prerun
acgatccacagtg,AGATATTGGAACWTTATATTTTATTTTTGG,tctcgatgatcag,WACTAATCAATTWCCAAATCCTCC,ZFZR,14Cro17,repl3,/home/dechatre/Documents/Project-metabarcoding/metabarcoding/output/prerun_fasta/prerun_ZFZR_repl3.fasta,prerun
gatcgacagatc,AGATATTGGAACWTTATATTTTATTTTTGG,tctcgatgatcag,WACTAATCAATTWCCAAATCCTCC,ZFZR,P1,repl3,/home/dechatre/Documents/Project-metabarcoding/metabarcoding/output/prerun_fasta/prerun_ZFZR_repl3.fasta,prerun
tgatcgatgatcag,AGATATTGGAACWTTATATTTTATTTTTGG,tctcgatgatcag,WACTAATCAATTWCCAAATCCTCC,ZFZR,P2,repl3,/home/dechatre/Documents/Project-metabarcoding/metabarcoding/output/prerun_fasta/prerun_ZFZR_repl3.fasta,prerun
gtcgatcatgtca,AGATATTGGAACWTTATATTTTATTTTTGG,tctcgatgatcag,WACTAATCAATTWCCAAATCCTCC,ZFZR,P3,repl3,/home/dechatre/Documents/Project-metabarcoding/metabarcoding/output/prerun_fasta/prerun_ZFZR_repl3.fasta,prerun
catcgagtagag,AGATATTGGAACWTTATATTTTATTTTTGG,tctcgatgatcag,WACTAATCAATTWCCAAATCCTCC,ZFZR,P4,repl3,/home/dechatre/Documents/Project-metabarcoding/metabarcoding/output/prerun_fasta/prerun_ZFZR_repl3.fasta,prerun
agatcgtactagct,AGATATTGGAACWTTATATTTTATTTTTGG,tctcgatgatcag,WACTAATCAATTWCCAAATCCTCC,ZFZR,P5,repl3,/home/dechatre/Documents/Project-metabarcoding/metabarcoding/output/prerun_fasta/prerun_ZFZR_repl3.fasta,prerun
cgatcgtcatcacg,AGATATTGGAACWTTATATTTTATTTTTGG,gagatcatgtca,WACTAATCAATTWCCAAATCCTCC,ZFZR,TnegPCR_prerun,repl3,/home/dechatre/Documents/Project-metabarcoding/metabarcoding/output/prerun_fasta/prerun_ZFZR_repl3.fasta,prerun
tcgatcacgatgt,AGATATTGGAACWTTATATTTTATTTTTGG,gagatcatgtca,WACTAATCAATTWCCAAATCCTCC,ZFZR,Tpos1_prerun,repl3,/home/dechatre/Documents/Project-metabarcoding/metabarcoding/output/prerun_fasta/prerun_ZFZR_repl3.fasta,prerun
acgatccacagtg,AGATATTGGAACWTTATATTTTATTTTTGG,gagatcatgtca,WACTAATCAATTWCCAAATCCTCC,ZFZR,TnegExt1_prerun,repl3,/home/dechatre/Documents/Project-metabarcoding/metabarcoding/output/prerun_fasta/prerun_ZFZR_repl3.fasta,prerun
gatcgacagatc,AGATATTGGAACWTTATATTTTATTTTTGG,gagatcatgtca,WACTAATCAATTWCCAAATCCTCC,ZFZR,TnegExt2_prerun,repl3,/home/dechatre/Documents/Project-metabarcoding/metabarcoding/output/prerun_fasta/prerun_ZFZR_repl3.fasta,prerun
tgatcgatgatcag,AGATATTGGAACWTTATATTTTATTTTTGG,gagatcatgtca,WACTAATCAATTWCCAAATCCTCC,ZFZR,Tpos2_prerun,repl3,/home/dechatre/Documents/Project-metabarcoding/metabarcoding/output/prerun_fasta/prerun_ZFZR_repl3.fasta,prerun
gtcgatcatgtca,AGATATTGGAACWTTATATTTTATTTTTGG,gagatcatgtca,WACTAATCAATTWCCAAATCCTCC,ZFZR,TnegPai1_prerun,repl3,/home/dechatre/Documents/Project-metabarcoding/metabarcoding/output/prerun_fasta/prerun_ZFZR_repl3.fasta,prerun
catcgagtagag,AGATATTGGAACWTTATATTTTATTTTTGG,gagatcatgtca,WACTAATCAATTWCCAAATCCTCC,ZFZR,TnegPai2_prerun,repl3,/home/dechatre/Documents/Project-metabarcoding/metabarcoding/output/prerun_fasta/prerun_ZFZR_repl3.fasta,prerun
agatcgtactagct,AGATATTGGAACWTTATATTTTATTTTTGG,gagatcatgtca,WACTAATCAATTWCCAAATCCTCC,ZFZR,TnegTag_prerun,repl3,/home/dechatre/Documents/Project-metabarcoding/metabarcoding/output/prerun_fasta/prerun_ZFZR_repl3.fasta,prerun
