TagPair Forward	Primer Forward	TagPair Reverse	Primer Reverse	Marker name	 Biosample	Replicate	Run	Fastq_fw	Fastq_rv
tcgatcacgatgt	TCCACTAATCACAARGATATTGGTAC	tgtcgatctacagc	WACTAATCAATTWCCAAATCCTCC	MFZR	Tpos1_prerun	1	prerun	MFZR1_S4_L001_R1_001.fastq	MFZR1_S4_L001_R2_001.fastq
tgatcgatgatcag	TCCACTAATCACAARGATATTGGTAC	tgtcgatctacagc	WACTAATCAATTWCCAAATCCTCC	MFZR	Tpos2_prerun	1	prerun	MFZR1_S4_L001_R1_001.fastq	MFZR1_S4_L001_R2_001.fastq
acgatccacagtg	TCCACTAATCACAARGATATTGGTAC	tgtcgatctacagc	WACTAATCAATTWCCAAATCCTCC	MFZR	TnegExt1_prerun	1	prerun	MFZR1_S4_L001_R1_001.fastq	MFZR1_S4_L001_R2_001.fastq
gatcgacagatc	TCCACTAATCACAARGATATTGGTAC	tgtcgatctacagc	WACTAATCAATTWCCAAATCCTCC	MFZR	TnegExt2_prerun	1	prerun	MFZR1_S4_L001_R1_001.fastq	MFZR1_S4_L001_R2_001.fastq
gtcgatcatgtca	TCCACTAATCACAARGATATTGGTAC	tgtcgatctacagc	WACTAATCAATTWCCAAATCCTCC	MFZR	TnegPai1_prerun	1	prerun	MFZR1_S4_L001_R1_001.fastq	MFZR1_S4_L001_R2_001.fastq
catcgagtagag	TCCACTAATCACAARGATATTGGTAC	tgtcgatctacagc	WACTAATCAATTWCCAAATCCTCC	MFZR	TnegPai2_prerun	1	prerun	MFZR1_S4_L001_R1_001.fastq	MFZR1_S4_L001_R2_001.fastq
cgatcgtcatcacg	TCCACTAATCACAARGATATTGGTAC	tgtcgatctacagc	WACTAATCAATTWCCAAATCCTCC	MFZR	TnegPCR_prerun	1	prerun	MFZR1_S4_L001_R1_001.fastq	MFZR1_S4_L001_R2_001.fastq
agatcgtactagct	TCCACTAATCACAARGATATTGGTAC	tgtcgatctacagc	WACTAATCAATTWCCAAATCCTCC	MFZR	TnegTag_prerun	1	prerun	MFZR1_S4_L001_R1_001.fastq	MFZR1_S4_L001_R2_001.fastq
gtcgatcatgtca	TCCACTAATCACAARGATATTGGTAC	acatcgacgtacg	WACTAATCAATTWCCAAATCCTCC	MFZR	14Ben01	1	prerun	MFZR1_S4_L001_R1_001.fastq	MFZR1_S4_L001_R2_001.fastq
catcgagtagag	TCCACTAATCACAARGATATTGGTAC	acatcgacgtacg	WACTAATCAATTWCCAAATCCTCC	MFZR	14Ben02	1	prerun	MFZR1_S4_L001_R1_001.fastq	MFZR1_S4_L001_R2_001.fastq
agatcgtactagct	TCCACTAATCACAARGATATTGGTAC	acatcgacgtacg	WACTAATCAATTWCCAAATCCTCC	MFZR	14Ben05	1	prerun	MFZR1_S4_L001_R1_001.fastq	MFZR1_S4_L001_R2_001.fastq
gatcgacagatc	TCCACTAATCACAARGATATTGGTAC	gtgatcgcacgat	WACTAATCAATTWCCAAATCCTCC	MFZR	14Ben06	1	prerun	MFZR1_S4_L001_R1_001.fastq	MFZR1_S4_L001_R2_001.fastq
cgatcgtcatcacg	TCCACTAATCACAARGATATTGGTAC	gtgatcgcacgat	WACTAATCAATTWCCAAATCCTCC	MFZR	14Ben07	1	prerun	MFZR1_S4_L001_R1_001.fastq	MFZR1_S4_L001_R2_001.fastq
tcgatcacgatgt	TCCACTAATCACAARGATATTGGTAC	gtgatcgcacgat	WACTAATCAATTWCCAAATCCTCC	MFZR	14Ben08	1	prerun	MFZR1_S4_L001_R1_001.fastq	MFZR1_S4_L001_R2_001.fastq
acgatccacagtg	TCCACTAATCACAARGATATTGGTAC	gtgatcgcacgat	WACTAATCAATTWCCAAATCCTCC	MFZR	14Ben09	1	prerun	MFZR1_S4_L001_R1_001.fastq	MFZR1_S4_L001_R2_001.fastq
tgatcgatgatcag	TCCACTAATCACAARGATATTGGTAC	gtgatcgcacgat	WACTAATCAATTWCCAAATCCTCC	MFZR	14Cro01	1	prerun	MFZR1_S4_L001_R1_001.fastq	MFZR1_S4_L001_R2_001.fastq
gtcgatcatgtca	TCCACTAATCACAARGATATTGGTAC	gtgatcgcacgat	WACTAATCAATTWCCAAATCCTCC	MFZR	14Cro02	1	prerun	MFZR1_S4_L001_R1_001.fastq	MFZR1_S4_L001_R2_001.fastq
catcgagtagag	TCCACTAATCACAARGATATTGGTAC	gtgatcgcacgat	WACTAATCAATTWCCAAATCCTCC	MFZR	14Cro03	1	prerun	MFZR1_S4_L001_R1_001.fastq	MFZR1_S4_L001_R2_001.fastq
agatcgtactagct	TCCACTAATCACAARGATATTGGTAC	gtgatcgcacgat	WACTAATCAATTWCCAAATCCTCC	MFZR	14Cro04	1	prerun	MFZR1_S4_L001_R1_001.fastq	MFZR1_S4_L001_R2_001.fastq
cgatcgtcatcacg	TCCACTAATCACAARGATATTGGTAC	agatcgagcactca	WACTAATCAATTWCCAAATCCTCC	MFZR	14Cro06	1	prerun	MFZR1_S4_L001_R1_001.fastq	MFZR1_S4_L001_R2_001.fastq
tcgatcacgatgt	TCCACTAATCACAARGATATTGGTAC	agatcgagcactca	WACTAATCAATTWCCAAATCCTCC	MFZR	14Cro07	1	prerun	MFZR1_S4_L001_R1_001.fastq	MFZR1_S4_L001_R2_001.fastq
acgatccacagtg	TCCACTAATCACAARGATATTGGTAC	agatcgagcactca	WACTAATCAATTWCCAAATCCTCC	MFZR	14Cro09	1	prerun	MFZR1_S4_L001_R1_001.fastq	MFZR1_S4_L001_R2_001.fastq
gatcgacagatc	TCCACTAATCACAARGATATTGGTAC	agatcgagcactca	WACTAATCAATTWCCAAATCCTCC	MFZR	14Cro10	1	prerun	MFZR1_S4_L001_R1_001.fastq	MFZR1_S4_L001_R2_001.fastq
tgatcgatgatcag	TCCACTAATCACAARGATATTGGTAC	agatcgagcactca	WACTAATCAATTWCCAAATCCTCC	MFZR	14Cro11	1	prerun	MFZR1_S4_L001_R1_001.fastq	MFZR1_S4_L001_R2_001.fastq
gtcgatcatgtca	TCCACTAATCACAARGATATTGGTAC	agatcgagcactca	WACTAATCAATTWCCAAATCCTCC	MFZR	14Cro12	1	prerun	MFZR1_S4_L001_R1_001.fastq	MFZR1_S4_L001_R2_001.fastq
catcgagtagag	TCCACTAATCACAARGATATTGGTAC	agatcgagcactca	WACTAATCAATTWCCAAATCCTCC	MFZR	14Cro13	1	prerun	MFZR1_S4_L001_R1_001.fastq	MFZR1_S4_L001_R2_001.fastq
agatcgtactagct	TCCACTAATCACAARGATATTGGTAC	agatcgagcactca	WACTAATCAATTWCCAAATCCTCC	MFZR	14Cro14	1	prerun	MFZR1_S4_L001_R1_001.fastq	MFZR1_S4_L001_R2_001.fastq
cgatcgtcatcacg	TCCACTAATCACAARGATATTGGTAC	cacgatgacgac	WACTAATCAATTWCCAAATCCTCC	MFZR	14Cro15	1	prerun	MFZR1_S4_L001_R1_001.fastq	MFZR1_S4_L001_R2_001.fastq
tcgatcacgatgt	TCCACTAATCACAARGATATTGGTAC	cacgatgacgac	WACTAATCAATTWCCAAATCCTCC	MFZR	14Cro16	1	prerun	MFZR1_S4_L001_R1_001.fastq	MFZR1_S4_L001_R2_001.fastq
acgatccacagtg	TCCACTAATCACAARGATATTGGTAC	cacgatgacgac	WACTAATCAATTWCCAAATCCTCC	MFZR	14Cro17	1	prerun	MFZR1_S4_L001_R1_001.fastq	MFZR1_S4_L001_R2_001.fastq
tcgatcacgatgt	TCCACTAATCACAARGATATTGGTAC	acatcgacgtacg	WACTAATCAATTWCCAAATCCTCC	MFZR	14Deo01	1	prerun	MFZR1_S4_L001_R1_001.fastq	MFZR1_S4_L001_R2_001.fastq
acgatccacagtg	TCCACTAATCACAARGATATTGGTAC	acatcgacgtacg	WACTAATCAATTWCCAAATCCTCC	MFZR	14Deo02	1	prerun	MFZR1_S4_L001_R1_001.fastq	MFZR1_S4_L001_R2_001.fastq
gatcgacagatc	TCCACTAATCACAARGATATTGGTAC	acatcgacgtacg	WACTAATCAATTWCCAAATCCTCC	MFZR	14Deo03	1	prerun	MFZR1_S4_L001_R1_001.fastq	MFZR1_S4_L001_R2_001.fastq
tgatcgatgatcag	TCCACTAATCACAARGATATTGGTAC	acatcgacgtacg	WACTAATCAATTWCCAAATCCTCC	MFZR	14Deo04	1	prerun	MFZR1_S4_L001_R1_001.fastq	MFZR1_S4_L001_R2_001.fastq
cgatcgtcatcacg	TCCACTAATCACAARGATATTGGTAC	cgcgatctgtagag	WACTAATCAATTWCCAAATCCTCC	MFZR	14Mon01	1	prerun	MFZR1_S4_L001_R1_001.fastq	MFZR1_S4_L001_R2_001.fastq
tcgatcacgatgt	TCCACTAATCACAARGATATTGGTAC	cgcgatctgtagag	WACTAATCAATTWCCAAATCCTCC	MFZR	14Mon02	1	prerun	MFZR1_S4_L001_R1_001.fastq	MFZR1_S4_L001_R2_001.fastq
acgatccacagtg	TCCACTAATCACAARGATATTGGTAC	cgcgatttgtagag	WACTAATCAATTWCCAAATCCTCC	MFZR	14Mon03	1	prerun	MFZR1_S4_L001_R1_001.fastq	MFZR1_S4_L001_R2_001.fastq
gagcgactgatc	TCCACTAATCACAARGATATTGGTAC	cgcgatctgtagag	WACTAATCAATTWCCAAATCCTCC	MFZR	14Mon04	1	prerun	MFZR1_S4_L001_R1_001.fastq	MFZR1_S4_L001_R2_001.fastq
tgatcgatgatcag	TCCACTAATCACAARGATATTGGTAC	cgcgatctgtagag	WACTAATCAATTWCCAAATCCTCC	MFZR	14Mon05	1	prerun	MFZR1_S4_L001_R1_001.fastq	MFZR1_S4_L001_R2_001.fastq
gtcgatcatgtca	TCCACTAATCACAARGATATTGGTAC	cgcgatctgtagag	WACTAATCAATTWCCAAATCCTCC	MFZR	14Mon06	1	prerun	MFZR1_S4_L001_R1_001.fastq	MFZR1_S4_L001_R2_001.fastq
catcgagtagag	TCCACTAATCACAARGATATTGGTAC	cgcgatctgtagag	WACTAATCAATTWCCAAATCCTCC	MFZR	14Mon07	1	prerun	MFZR1_S4_L001_R1_001.fastq	MFZR1_S4_L001_R2_001.fastq
agatcgtactagct	TCCACTAATCACAARGATATTGGTAC	cgcgatctgtagag	WACTAATCAATTWCCAAATCCTCC	MFZR	14Mon09	1	prerun	MFZR1_S4_L001_R1_001.fastq	MFZR1_S4_L001_R2_001.fastq
cgatcgtcatcacg	TCCACTAATCACAARGATATTGGTAC	acatcgacgtacg	WACTAATCAATTWCCAAATCCTCC	MFZR	14Mon10	1	prerun	MFZR1_S4_L001_R1_001.fastq	MFZR1_S4_L001_R2_001.fastq
gatcgacagatc	TCCACTAATCACAARGATATTGGTAC	cacgatgacgac	WACTAATCAATTWCCAAATCCTCC	MFZR	P1	1	prerun	MFZR1_S4_L001_R1_001.fastq	MFZR1_S4_L001_R2_001.fastq
tgatcgatgatcag	TCCACTAATCACAARGATATTGGTAC	cacgatgacgac	WACTAATCAATTWCCAAATCCTCC	MFZR	P2	1	prerun	MFZR1_S4_L001_R1_001.fastq	MFZR1_S4_L001_R2_001.fastq
gtcgatcatgtca	TCCACTAATCACAARGATATTGGTAC	cacgatgacgac	WACTAATCAATTWCCAAATCCTCC	MFZR	P3	1	prerun	MFZR1_S4_L001_R1_001.fastq	MFZR1_S4_L001_R2_001.fastq
catcgagtagag	TCCACTAATCACAARGATATTGGTAC	cacgatgacgac	WACTAATCAATTWCCAAATCCTCC	MFZR	P4	1	prerun	MFZR1_S4_L001_R1_001.fastq	MFZR1_S4_L001_R2_001.fastq
agatcgtactagct	TCCACTAATCACAARGATATTGGTAC	cacgatgacgac	WACTAATCAATTWCCAAATCCTCC	MFZR	P5	1	prerun	MFZR1_S4_L001_R1_001.fastq	MFZR1_S4_L001_R2_001.fastq
tcgatcacgatgt	TCCACTAATCACAARGATATTGGTAC	tgtcgatctacagc	WACTAATCAATTWCCAAATCCTCC	MFZR	Tpos1_prerun	2	prerun	MFZR2_S5_L001_R1_001.fastq	MFZR2_S5_L001_R2_001.fastq
tgatcgatgatcag	TCCACTAATCACAARGATATTGGTAC	tgtcgatctacagc	WACTAATCAATTWCCAAATCCTCC	MFZR	Tpos2_prerun	2	prerun	MFZR2_S5_L001_R1_001.fastq	MFZR2_S5_L001_R2_001.fastq
acgatccacagtg	TCCACTAATCACAARGATATTGGTAC	tgtcgatctacagc	WACTAATCAATTWCCAAATCCTCC	MFZR	TnegExt1_prerun	2	prerun	MFZR2_S5_L001_R1_001.fastq	MFZR2_S5_L001_R2_001.fastq
gatcgacagatc	TCCACTAATCACAARGATATTGGTAC	tgtcgatctacagc	WACTAATCAATTWCCAAATCCTCC	MFZR	TnegExt2_prerun	2	prerun	MFZR2_S5_L001_R1_001.fastq	MFZR2_S5_L001_R2_001.fastq
gtcgatcatgtca	TCCACTAATCACAARGATATTGGTAC	tgtcgatctacagc	WACTAATCAATTWCCAAATCCTCC	MFZR	TnegPai1_prerun	2	prerun	MFZR2_S5_L001_R1_001.fastq	MFZR2_S5_L001_R2_001.fastq
catcgagtagag	TCCACTAATCACAARGATATTGGTAC	tgtcgatctacagc	WACTAATCAATTWCCAAATCCTCC	MFZR	TnegPai2_prerun	2	prerun	MFZR2_S5_L001_R1_001.fastq	MFZR2_S5_L001_R2_001.fastq
cgatcgtcatcacg	TCCACTAATCACAARGATATTGGTAC	tgtcgatctacagc	WACTAATCAATTWCCAAATCCTCC	MFZR	TnegPCR_prerun	2	prerun	MFZR2_S5_L001_R1_001.fastq	MFZR2_S5_L001_R2_001.fastq
agatcgtactagct	TCCACTAATCACAARGATATTGGTAC	tgtcgatctacagc	WACTAATCAATTWCCAAATCCTCC	MFZR	TnegTag_prerun	2	prerun	MFZR2_S5_L001_R1_001.fastq	MFZR2_S5_L001_R2_001.fastq
gtcgatcatgtca	TCCACTAATCACAARGATATTGGTAC	acatcgacgtacg	WACTAATCAATTWCCAAATCCTCC	MFZR	14Ben01	2	prerun	MFZR2_S5_L001_R1_001.fastq	MFZR2_S5_L001_R2_001.fastq
catcgagtagag	TCCACTAATCACAARGATATTGGTAC	acatcgacgtacg	WACTAATCAATTWCCAAATCCTCC	MFZR	14Ben02	2	prerun	MFZR2_S5_L001_R1_001.fastq	MFZR2_S5_L001_R2_001.fastq
agatcgtactagct	TCCACTAATCACAARGATATTGGTAC	acatcgacgtacg	WACTAATCAATTWCCAAATCCTCC	MFZR	14Ben05	2	prerun	MFZR2_S5_L001_R1_001.fastq	MFZR2_S5_L001_R2_001.fastq
gatcgacagatc	TCCACTAATCACAARGATATTGGTAC	gtgatcgcacgat	WACTAATCAATTWCCAAATCCTCC	MFZR	14Ben06	2	prerun	MFZR2_S5_L001_R1_001.fastq	MFZR2_S5_L001_R2_001.fastq
cgatcgtcatcacg	TCCACTAATCACAARGATATTGGTAC	gtgatcgcacgat	WACTAATCAATTWCCAAATCCTCC	MFZR	14Ben07	2	prerun	MFZR2_S5_L001_R1_001.fastq	MFZR2_S5_L001_R2_001.fastq
tcgatcacgatgt	TCCACTAATCACAARGATATTGGTAC	gtgatcgcacgat	WACTAATCAATTWCCAAATCCTCC	MFZR	14Ben08	2	prerun	MFZR2_S5_L001_R1_001.fastq	MFZR2_S5_L001_R2_001.fastq
acgatccacagtg	TCCACTAATCACAARGATATTGGTAC	gtgatcgcacgat	WACTAATCAATTWCCAAATCCTCC	MFZR	14Ben09	2	prerun	MFZR2_S5_L001_R1_001.fastq	MFZR2_S5_L001_R2_001.fastq
tgatcgatgatcag	TCCACTAATCACAARGATATTGGTAC	gtgatcgcacgat	WACTAATCAATTWCCAAATCCTCC	MFZR	14Cro01	2	prerun	MFZR2_S5_L001_R1_001.fastq	MFZR2_S5_L001_R2_001.fastq
gtcgatcatgtca	TCCACTAATCACAARGATATTGGTAC	gtgatcgcacgat	WACTAATCAATTWCCAAATCCTCC	MFZR	14Cro02	2	prerun	MFZR2_S5_L001_R1_001.fastq	MFZR2_S5_L001_R2_001.fastq
catcgagtagag	TCCACTAATCACAARGATATTGGTAC	gtgatcgcacgat	WACTAATCAATTWCCAAATCCTCC	MFZR	14Cro03	2	prerun	MFZR2_S5_L001_R1_001.fastq	MFZR2_S5_L001_R2_001.fastq
agatcgtactagct	TCCACTAATCACAARGATATTGGTAC	gtgatcgcacgat	WACTAATCAATTWCCAAATCCTCC	MFZR	14Cro04	2	prerun	MFZR2_S5_L001_R1_001.fastq	MFZR2_S5_L001_R2_001.fastq
cgatcgtcatcacg	TCCACTAATCACAARGATATTGGTAC	agatcgagcactca	WACTAATCAATTWCCAAATCCTCC	MFZR	14Cro06	2	prerun	MFZR2_S5_L001_R1_001.fastq	MFZR2_S5_L001_R2_001.fastq
tcgatcacgatgt	TCCACTAATCACAARGATATTGGTAC	agatcgagcactca	WACTAATCAATTWCCAAATCCTCC	MFZR	14Cro07	2	prerun	MFZR2_S5_L001_R1_001.fastq	MFZR2_S5_L001_R2_001.fastq
acgatccacagtg	TCCACTAATCACAARGATATTGGTAC	agatcgagcactca	WACTAATCAATTWCCAAATCCTCC	MFZR	14Cro09	2	prerun	MFZR2_S5_L001_R1_001.fastq	MFZR2_S5_L001_R2_001.fastq
gatcgacagatc	TCCACTAATCACAARGATATTGGTAC	agatcgagcactca	WACTAATCAATTWCCAAATCCTCC	MFZR	14Cro10	2	prerun	MFZR2_S5_L001_R1_001.fastq	MFZR2_S5_L001_R2_001.fastq
tgatcgatgatcag	TCCACTAATCACAARGATATTGGTAC	agatcgagcactca	WACTAATCAATTWCCAAATCCTCC	MFZR	14Cro11	2	prerun	MFZR2_S5_L001_R1_001.fastq	MFZR2_S5_L001_R2_001.fastq
gtcgatcatgtca	TCCACTAATCACAARGATATTGGTAC	agatcgagcactca	WACTAATCAATTWCCAAATCCTCC	MFZR	14Cro12	2	prerun	MFZR2_S5_L001_R1_001.fastq	MFZR2_S5_L001_R2_001.fastq
catcgagtagag	TCCACTAATCACAARGATATTGGTAC	agatcgagcactca	WACTAATCAATTWCCAAATCCTCC	MFZR	14Cro13	2	prerun	MFZR2_S5_L001_R1_001.fastq	MFZR2_S5_L001_R2_001.fastq
agatcgtactagct	TCCACTAATCACAARGATATTGGTAC	agatcgagcactca	WACTAATCAATTWCCAAATCCTCC	MFZR	14Cro14	2	prerun	MFZR2_S5_L001_R1_001.fastq	MFZR2_S5_L001_R2_001.fastq
cgatcgtcatcacg	TCCACTAATCACAARGATATTGGTAC	cacgatgacgac	WACTAATCAATTWCCAAATCCTCC	MFZR	14Cro15	2	prerun	MFZR2_S5_L001_R1_001.fastq	MFZR2_S5_L001_R2_001.fastq
tcgatcacgatgt	TCCACTAATCACAARGATATTGGTAC	cacgatgacgac	WACTAATCAATTWCCAAATCCTCC	MFZR	14Cro16	2	prerun	MFZR2_S5_L001_R1_001.fastq	MFZR2_S5_L001_R2_001.fastq
acgatccacagtg	TCCACTAATCACAARGATATTGGTAC	cacgatgacgac	WACTAATCAATTWCCAAATCCTCC	MFZR	14Cro17	2	prerun	MFZR2_S5_L001_R1_001.fastq	MFZR2_S5_L001_R2_001.fastq
tcgatcacgatgt	TCCACTAATCACAARGATATTGGTAC	acatcgacgtacg	WACTAATCAATTWCCAAATCCTCC	MFZR	14Deo01	2	prerun	MFZR2_S5_L001_R1_001.fastq	MFZR2_S5_L001_R2_001.fastq
acgatccacagtg	TCCACTAATCACAARGATATTGGTAC	acatcgacgtacg	WACTAATCAATTWCCAAATCCTCC	MFZR	14Deo02	2	prerun	MFZR2_S5_L001_R1_001.fastq	MFZR2_S5_L001_R2_001.fastq
gatcgacagatc	TCCACTAATCACAARGATATTGGTAC	acatcgacgtacg	WACTAATCAATTWCCAAATCCTCC	MFZR	14Deo03	2	prerun	MFZR2_S5_L001_R1_001.fastq	MFZR2_S5_L001_R2_001.fastq
tgatcgatgatcag	TCCACTAATCACAARGATATTGGTAC	acatcgacgtacg	WACTAATCAATTWCCAAATCCTCC	MFZR	14Deo04	2	prerun	MFZR2_S5_L001_R1_001.fastq	MFZR2_S5_L001_R2_001.fastq
cgatcgtcatcacg	TCCACTAATCACAARGATATTGGTAC	cgcgatctgtagag	WACTAATCAATTWCCAAATCCTCC	MFZR	14Mon01	2	prerun	MFZR2_S5_L001_R1_001.fastq	MFZR2_S5_L001_R2_001.fastq
tcgatcacgatgt	TCCACTAATCACAARGATATTGGTAC	cgcgatctgtagag	WACTAATCAATTWCCAAATCCTCC	MFZR	14Mon02	2	prerun	MFZR2_S5_L001_R1_001.fastq	MFZR2_S5_L001_R2_001.fastq
acgatccacagtg	TCCACTAATCACAARGATATTGGTAC	cgcgatttgtagag	WACTAATCAATTWCCAAATCCTCC	MFZR	14Mon03	2	prerun	MFZR2_S5_L001_R1_001.fastq	MFZR2_S5_L001_R2_001.fastq
gagcgactgatc	TCCACTAATCACAARGATATTGGTAC	cgcgatctgtagag	WACTAATCAATTWCCAAATCCTCC	MFZR	14Mon04	2	prerun	MFZR2_S5_L001_R1_001.fastq	MFZR2_S5_L001_R2_001.fastq
tgatcgatgatcag	TCCACTAATCACAARGATATTGGTAC	cgcgatctgtagag	WACTAATCAATTWCCAAATCCTCC	MFZR	14Mon05	2	prerun	MFZR2_S5_L001_R1_001.fastq	MFZR2_S5_L001_R2_001.fastq
gtcgatcatgtca	TCCACTAATCACAARGATATTGGTAC	cgcgatctgtagag	WACTAATCAATTWCCAAATCCTCC	MFZR	14Mon06	2	prerun	MFZR2_S5_L001_R1_001.fastq	MFZR2_S5_L001_R2_001.fastq
catcgagtagag	TCCACTAATCACAARGATATTGGTAC	cgcgatctgtagag	WACTAATCAATTWCCAAATCCTCC	MFZR	14Mon07	2	prerun	MFZR2_S5_L001_R1_001.fastq	MFZR2_S5_L001_R2_001.fastq
agatcgtactagct	TCCACTAATCACAARGATATTGGTAC	cgcgatctgtagag	WACTAATCAATTWCCAAATCCTCC	MFZR	14Mon09	2	prerun	MFZR2_S5_L001_R1_001.fastq	MFZR2_S5_L001_R2_001.fastq
cgatcgtcatcacg	TCCACTAATCACAARGATATTGGTAC	acatcgacgtacg	WACTAATCAATTWCCAAATCCTCC	MFZR	14Mon10	2	prerun	MFZR2_S5_L001_R1_001.fastq	MFZR2_S5_L001_R2_001.fastq
gatcgacagatc	TCCACTAATCACAARGATATTGGTAC	cacgatgacgac	WACTAATCAATTWCCAAATCCTCC	MFZR	P1	2	prerun	MFZR2_S5_L001_R1_001.fastq	MFZR2_S5_L001_R2_001.fastq
tgatcgatgatcag	TCCACTAATCACAARGATATTGGTAC	cacgatgacgac	WACTAATCAATTWCCAAATCCTCC	MFZR	P2	2	prerun	MFZR2_S5_L001_R1_001.fastq	MFZR2_S5_L001_R2_001.fastq
gtcgatcatgtca	TCCACTAATCACAARGATATTGGTAC	cacgatgacgac	WACTAATCAATTWCCAAATCCTCC	MFZR	P3	2	prerun	MFZR2_S5_L001_R1_001.fastq	MFZR2_S5_L001_R2_001.fastq
catcgagtagag	TCCACTAATCACAARGATATTGGTAC	cacgatgacgac	WACTAATCAATTWCCAAATCCTCC	MFZR	P4	2	prerun	MFZR2_S5_L001_R1_001.fastq	MFZR2_S5_L001_R2_001.fastq
agatcgtactagct	TCCACTAATCACAARGATATTGGTAC	cacgatgacgac	WACTAATCAATTWCCAAATCCTCC	MFZR	P5	2	prerun	MFZR2_S5_L001_R1_001.fastq	MFZR2_S5_L001_R2_001.fastq
tcgatcacgatgt	TCCACTAATCACAARGATATTGGTAC	tgtcgatctacagc	WACTAATCAATTWCCAAATCCTCC	MFZR	Tpos1_prerun	3	prerun	MFZR3_S6_L001_R1_001.fastq	MFZR3_S6_L001_R2_001.fastq
tgatcgatgatcag	TCCACTAATCACAARGATATTGGTAC	tgtcgatctacagc	WACTAATCAATTWCCAAATCCTCC	MFZR	Tpos2_prerun	3	prerun	MFZR3_S6_L001_R1_001.fastq	MFZR3_S6_L001_R2_001.fastq
acgatccacagtg	TCCACTAATCACAARGATATTGGTAC	tgtcgatctacagc	WACTAATCAATTWCCAAATCCTCC	MFZR	TnegExt1_prerun	3	prerun	MFZR3_S6_L001_R1_001.fastq	MFZR3_S6_L001_R2_001.fastq
gatcgacagatc	TCCACTAATCACAARGATATTGGTAC	tgtcgatctacagc	WACTAATCAATTWCCAAATCCTCC	MFZR	TnegExt2_prerun	3	prerun	MFZR3_S6_L001_R1_001.fastq	MFZR3_S6_L001_R2_001.fastq
gtcgatcatgtca	TCCACTAATCACAARGATATTGGTAC	tgtcgatctacagc	WACTAATCAATTWCCAAATCCTCC	MFZR	TnegPai1_prerun	3	prerun	MFZR3_S6_L001_R1_001.fastq	MFZR3_S6_L001_R2_001.fastq
catcgagtagag	TCCACTAATCACAARGATATTGGTAC	tgtcgatctacagc	WACTAATCAATTWCCAAATCCTCC	MFZR	TnegPai2_prerun	3	prerun	MFZR3_S6_L001_R1_001.fastq	MFZR3_S6_L001_R2_001.fastq
cgatcgtcatcacg	TCCACTAATCACAARGATATTGGTAC	tgtcgatctacagc	WACTAATCAATTWCCAAATCCTCC	MFZR	TnegPCR_prerun	3	prerun	MFZR3_S6_L001_R1_001.fastq	MFZR3_S6_L001_R2_001.fastq
agatcgtactagct	TCCACTAATCACAARGATATTGGTAC	tgtcgatctacagc	WACTAATCAATTWCCAAATCCTCC	MFZR	TnegTag_prerun	3	prerun	MFZR3_S6_L001_R1_001.fastq	MFZR3_S6_L001_R2_001.fastq
gtcgatcatgtca	TCCACTAATCACAARGATATTGGTAC	acatcgacgtacg	WACTAATCAATTWCCAAATCCTCC	MFZR	14Ben01	3	prerun	MFZR3_S6_L001_R1_001.fastq	MFZR3_S6_L001_R2_001.fastq
catcgagtagag	TCCACTAATCACAARGATATTGGTAC	acatcgacgtacg	WACTAATCAATTWCCAAATCCTCC	MFZR	14Ben02	3	prerun	MFZR3_S6_L001_R1_001.fastq	MFZR3_S6_L001_R2_001.fastq
agatcgtactagct	TCCACTAATCACAARGATATTGGTAC	acatcgacgtacg	WACTAATCAATTWCCAAATCCTCC	MFZR	14Ben05	3	prerun	MFZR3_S6_L001_R1_001.fastq	MFZR3_S6_L001_R2_001.fastq
gatcgacagatc	TCCACTAATCACAARGATATTGGTAC	gtgatcgcacgat	WACTAATCAATTWCCAAATCCTCC	MFZR	14Ben06	3	prerun	MFZR3_S6_L001_R1_001.fastq	MFZR3_S6_L001_R2_001.fastq
cgatcgtcatcacg	TCCACTAATCACAARGATATTGGTAC	gtgatcgcacgat	WACTAATCAATTWCCAAATCCTCC	MFZR	14Ben07	3	prerun	MFZR3_S6_L001_R1_001.fastq	MFZR3_S6_L001_R2_001.fastq
tcgatcacgatgt	TCCACTAATCACAARGATATTGGTAC	gtgatcgcacgat	WACTAATCAATTWCCAAATCCTCC	MFZR	14Ben08	3	prerun	MFZR3_S6_L001_R1_001.fastq	MFZR3_S6_L001_R2_001.fastq
acgatccacagtg	TCCACTAATCACAARGATATTGGTAC	gtgatcgcacgat	WACTAATCAATTWCCAAATCCTCC	MFZR	14Ben09	3	prerun	MFZR3_S6_L001_R1_001.fastq	MFZR3_S6_L001_R2_001.fastq
tgatcgatgatcag	TCCACTAATCACAARGATATTGGTAC	gtgatcgcacgat	WACTAATCAATTWCCAAATCCTCC	MFZR	14Cro01	3	prerun	MFZR3_S6_L001_R1_001.fastq	MFZR3_S6_L001_R2_001.fastq
gtcgatcatgtca	TCCACTAATCACAARGATATTGGTAC	gtgatcgcacgat	WACTAATCAATTWCCAAATCCTCC	MFZR	14Cro02	3	prerun	MFZR3_S6_L001_R1_001.fastq	MFZR3_S6_L001_R2_001.fastq
catcgagtagag	TCCACTAATCACAARGATATTGGTAC	gtgatcgcacgat	WACTAATCAATTWCCAAATCCTCC	MFZR	14Cro03	3	prerun	MFZR3_S6_L001_R1_001.fastq	MFZR3_S6_L001_R2_001.fastq
agatcgtactagct	TCCACTAATCACAARGATATTGGTAC	gtgatcgcacgat	WACTAATCAATTWCCAAATCCTCC	MFZR	14Cro04	3	prerun	MFZR3_S6_L001_R1_001.fastq	MFZR3_S6_L001_R2_001.fastq
cgatcgtcatcacg	TCCACTAATCACAARGATATTGGTAC	agatcgagcactca	WACTAATCAATTWCCAAATCCTCC	MFZR	14Cro06	3	prerun	MFZR3_S6_L001_R1_001.fastq	MFZR3_S6_L001_R2_001.fastq
tcgatcacgatgt	TCCACTAATCACAARGATATTGGTAC	agatcgagcactca	WACTAATCAATTWCCAAATCCTCC	MFZR	14Cro07	3	prerun	MFZR3_S6_L001_R1_001.fastq	MFZR3_S6_L001_R2_001.fastq
acgatccacagtg	TCCACTAATCACAARGATATTGGTAC	agatcgagcactca	WACTAATCAATTWCCAAATCCTCC	MFZR	14Cro09	3	prerun	MFZR3_S6_L001_R1_001.fastq	MFZR3_S6_L001_R2_001.fastq
gatcgacagatc	TCCACTAATCACAARGATATTGGTAC	agatcgagcactca	WACTAATCAATTWCCAAATCCTCC	MFZR	14Cro10	3	prerun	MFZR3_S6_L001_R1_001.fastq	MFZR3_S6_L001_R2_001.fastq
tgatcgatgatcag	TCCACTAATCACAARGATATTGGTAC	agatcgagcactca	WACTAATCAATTWCCAAATCCTCC	MFZR	14Cro11	3	prerun	MFZR3_S6_L001_R1_001.fastq	MFZR3_S6_L001_R2_001.fastq
gtcgatcatgtca	TCCACTAATCACAARGATATTGGTAC	agatcgagcactca	WACTAATCAATTWCCAAATCCTCC	MFZR	14Cro12	3	prerun	MFZR3_S6_L001_R1_001.fastq	MFZR3_S6_L001_R2_001.fastq
catcgagtagag	TCCACTAATCACAARGATATTGGTAC	agatcgagcactca	WACTAATCAATTWCCAAATCCTCC	MFZR	14Cro13	3	prerun	MFZR3_S6_L001_R1_001.fastq	MFZR3_S6_L001_R2_001.fastq
agatcgtactagct	TCCACTAATCACAARGATATTGGTAC	agatcgagcactca	WACTAATCAATTWCCAAATCCTCC	MFZR	14Cro14	3	prerun	MFZR3_S6_L001_R1_001.fastq	MFZR3_S6_L001_R2_001.fastq
cgatcgtcatcacg	TCCACTAATCACAARGATATTGGTAC	cacgatgacgac	WACTAATCAATTWCCAAATCCTCC	MFZR	14Cro15	3	prerun	MFZR3_S6_L001_R1_001.fastq	MFZR3_S6_L001_R2_001.fastq
tcgatcacgatgt	TCCACTAATCACAARGATATTGGTAC	cacgatgacgac	WACTAATCAATTWCCAAATCCTCC	MFZR	14Cro16	3	prerun	MFZR3_S6_L001_R1_001.fastq	MFZR3_S6_L001_R2_001.fastq
acgatccacagtg	TCCACTAATCACAARGATATTGGTAC	cacgatgacgac	WACTAATCAATTWCCAAATCCTCC	MFZR	14Cro17	3	prerun	MFZR3_S6_L001_R1_001.fastq	MFZR3_S6_L001_R2_001.fastq
tcgatcacgatgt	TCCACTAATCACAARGATATTGGTAC	acatcgacgtacg	WACTAATCAATTWCCAAATCCTCC	MFZR	14Deo01	3	prerun	MFZR3_S6_L001_R1_001.fastq	MFZR3_S6_L001_R2_001.fastq
acgatccacagtg	TCCACTAATCACAARGATATTGGTAC	acatcgacgtacg	WACTAATCAATTWCCAAATCCTCC	MFZR	14Deo02	3	prerun	MFZR3_S6_L001_R1_001.fastq	MFZR3_S6_L001_R2_001.fastq
gatcgacagatc	TCCACTAATCACAARGATATTGGTAC	acatcgacgtacg	WACTAATCAATTWCCAAATCCTCC	MFZR	14Deo03	3	prerun	MFZR3_S6_L001_R1_001.fastq	MFZR3_S6_L001_R2_001.fastq
tgatcgatgatcag	TCCACTAATCACAARGATATTGGTAC	acatcgacgtacg	WACTAATCAATTWCCAAATCCTCC	MFZR	14Deo04	3	prerun	MFZR3_S6_L001_R1_001.fastq	MFZR3_S6_L001_R2_001.fastq
cgatcgtcatcacg	TCCACTAATCACAARGATATTGGTAC	cgcgatctgtagag	WACTAATCAATTWCCAAATCCTCC	MFZR	14Mon01	3	prerun	MFZR3_S6_L001_R1_001.fastq	MFZR3_S6_L001_R2_001.fastq
tcgatcacgatgt	TCCACTAATCACAARGATATTGGTAC	cgcgatctgtagag	WACTAATCAATTWCCAAATCCTCC	MFZR	14Mon02	3	prerun	MFZR3_S6_L001_R1_001.fastq	MFZR3_S6_L001_R2_001.fastq
acgatccacagtg	TCCACTAATCACAARGATATTGGTAC	cgcgatctgtagag	WACTAATCAATTWCCAAATCCTCC	MFZR	14Mon03	3	prerun	MFZR3_S6_L001_R1_001.fastq	MFZR3_S6_L001_R2_001.fastq
gttcgacagatc	TCCACTAATCACAARGATATTGGTAC	cgcgatctgtagag	WACTAATCAATTWCCAAATCCTCC	MFZR	14Mon04	3	prerun	MFZR3_S6_L001_R1_001.fastq	MFZR3_S6_L001_R2_001.fastq
tgatcgatgatcag	TCCACTAATCACAARGATATTGGTAC	cgcgatctgtagag	WACTAATCAATTWCCAAATCCTCC	MFZR	14Mon05	3	prerun	MFZR3_S6_L001_R1_001.fastq	MFZR3_S6_L001_R2_001.fastq
gtcgatcatgtca	TCCACTAATCACAARGATATTGGTAC	cgcgatctgtagag	WACTAATCAATTWCCAAATCCTCC	MFZR	14Mon06	3	prerun	MFZR3_S6_L001_R1_001.fastq	MFZR3_S6_L001_R2_001.fastq
catcgagtagag	TCCACTAATCACAARGATATTGGTAC	cgcgatctgtagag	WACTAATCAATTWCCAAATCCTCC	MFZR	14Mon07	3	prerun	MFZR3_S6_L001_R1_001.fastq	MFZR3_S6_L001_R2_001.fastq
agatcgtactagct	TCCACTAATCACAARGATATTGGTAC	cgcgatctgtagag	WACTAATCAATTWCCAAATCCTCC	MFZR	14Mon09	3	prerun	MFZR3_S6_L001_R1_001.fastq	MFZR3_S6_L001_R2_001.fastq
cgatcgtcatcacg	TCCACTAATCACAARGATATTGGTAC	acatcgacgtacg	WACTAATCAATTWCCAAATCCTCC	MFZR	14Mon10	3	prerun	MFZR3_S6_L001_R1_001.fastq	MFZR3_S6_L001_R2_001.fastq
gatcgacagatc	TCCACTAATCACAARGATATTGGTAC	cacgatgacgac	WACTAATCAATTWCCAAATCCTCC	MFZR	P1	3	prerun	MFZR3_S6_L001_R1_001.fastq	MFZR3_S6_L001_R2_001.fastq
tgatcgatgatcag	TCCACTAATCACAARGATATTGGTAC	cacgatgacgac	WACTAATCAATTWCCAAATCCTCC	MFZR	P2	3	prerun	MFZR3_S6_L001_R1_001.fastq	MFZR3_S6_L001_R2_001.fastq
gtcgatcatgtca	TCCACTAATCACAARGATATTGGTAC	cacgatgacgac	WACTAATCAATTWCCAAATCCTCC	MFZR	P3	3	prerun	MFZR3_S6_L001_R1_001.fastq	MFZR3_S6_L001_R2_001.fastq
catcgagtagag	TCCACTAATCACAARGATATTGGTAC	cacgatgacgac	WACTAATCAATTWCCAAATCCTCC	MFZR	P4	3	prerun	MFZR3_S6_L001_R1_001.fastq	MFZR3_S6_L001_R2_001.fastq
agatcgtactagct	TCCACTAATCACAARGATATTGGTAC	cacgatgacgac	WACTAATCAATTWCCAAATCCTCC	MFZR	P5	3	prerun	MFZR3_S6_L001_R1_001.fastq	MFZR3_S6_L001_R2_001.fastq
tcgatcacgatgt	AGATATTGGAACWTTATATTTTATTTTTGG	gagatcatgtca	WACTAATCAATTWCCAAATCCTCC	ZFZR	Tpos1_prerun	1	prerun	ZFZR1_S1_L001_R1_001.fastq	ZFZR1_S1_L001_R2_001.fastq
tgatcgatgatcag	AGATATTGGAACWTTATATTTTATTTTTGG	gagatcatgtca	WACTAATCAATTWCCAAATCCTCC	ZFZR	Tpos2_prerun	1	prerun	ZFZR1_S1_L001_R1_001.fastq	ZFZR1_S1_L001_R2_001.fastq
acgatccacagtg	AGATATTGGAACWTTATATTTTATTTTTGG	gagatcatgtca	WACTAATCAATTWCCAAATCCTCC	ZFZR	TnegExt1_prerun	1	prerun	ZFZR1_S1_L001_R1_001.fastq	ZFZR1_S1_L001_R2_001.fastq
gatcgacagatc	AGATATTGGAACWTTATATTTTATTTTTGG	gagatcatgtca	WACTAATCAATTWCCAAATCCTCC	ZFZR	TnegExt2_prerun	1	prerun	ZFZR1_S1_L001_R1_001.fastq	ZFZR1_S1_L001_R2_001.fastq
gtcgatcatgtca	AGATATTGGAACWTTATATTTTATTTTTGG	gagatcatgtca	WACTAATCAATTWCCAAATCCTCC	ZFZR	TnegPai1_prerun	1	prerun	ZFZR1_S1_L001_R1_001.fastq	ZFZR1_S1_L001_R2_001.fastq
catcgagtagag	AGATATTGGAACWTTATATTTTATTTTTGG	gagatcatgtca	WACTAATCAATTWCCAAATCCTCC	ZFZR	TnegPai2_prerun	1	prerun	ZFZR1_S1_L001_R1_001.fastq	ZFZR1_S1_L001_R2_001.fastq
cgatcgtcatcacg	AGATATTGGAACWTTATATTTTATTTTTGG	gagatcatgtca	WACTAATCAATTWCCAAATCCTCC	ZFZR	TnegPCR_prerun	1	prerun	ZFZR1_S1_L001_R1_001.fastq	ZFZR1_S1_L001_R2_001.fastq
agatcgtactagct	AGATATTGGAACWTTATATTTTATTTTTGG	gagatcatgtca	WACTAATCAATTWCCAAATCCTCC	ZFZR	TnegTag_prerun	1	prerun	ZFZR1_S1_L001_R1_001.fastq	ZFZR1_S1_L001_R2_001.fastq
gtcgatcatgtca	AGATATTGGAACWTTATATTTTATTTTTGG	tatcgacgatgt	WACTAATCAATTWCCAAATCCTCC	ZFZR	14Ben01	1	prerun	ZFZR1_S1_L001_R1_001.fastq	ZFZR1_S1_L001_R2_001.fastq
catcgagtagag	AGATATTGGAACWTTATATTTTATTTTTGG	tatcgacgatgt	WACTAATCAATTWCCAAATCCTCC	ZFZR	14Ben02	1	prerun	ZFZR1_S1_L001_R1_001.fastq	ZFZR1_S1_L001_R2_001.fastq
agatcgtactagct	AGATATTGGAACWTTATATTTTATTTTTGG	tatcgacgatgt	WACTAATCAATTWCCAAATCCTCC	ZFZR	14Ben05	1	prerun	ZFZR1_S1_L001_R1_001.fastq	ZFZR1_S1_L001_R2_001.fastq
gatcgacagatc	AGATATTGGAACWTTATATTTTATTTTTGG	atatcgacagtg	WACTAATCAATTWCCAAATCCTCC	ZFZR	14Ben06	1	prerun	ZFZR1_S1_L001_R1_001.fastq	ZFZR1_S1_L001_R2_001.fastq
cgatcgtcatcacg	AGATATTGGAACWTTATATTTTATTTTTGG	atatcgacagtg	WACTAATCAATTWCCAAATCCTCC	ZFZR	14Ben07	1	prerun	ZFZR1_S1_L001_R1_001.fastq	ZFZR1_S1_L001_R2_001.fastq
tcgatcacgatgt	AGATATTGGAACWTTATATTTTATTTTTGG	atatcgacagtg	WACTAATCAATTWCCAAATCCTCC	ZFZR	14Ben08	1	prerun	ZFZR1_S1_L001_R1_001.fastq	ZFZR1_S1_L001_R2_001.fastq
acgatccacagtg	AGATATTGGAACWTTATATTTTATTTTTGG	atatcgacagtg	WACTAATCAATTWCCAAATCCTCC	ZFZR	14Ben09	1	prerun	ZFZR1_S1_L001_R1_001.fastq	ZFZR1_S1_L001_R2_001.fastq
tgatcgatgatcag	AGATATTGGAACWTTATATTTTATTTTTGG	atatcgacagtg	WACTAATCAATTWCCAAATCCTCC	ZFZR	14Cro01	1	prerun	ZFZR1_S1_L001_R1_001.fastq	ZFZR1_S1_L001_R2_001.fastq
gtcgatcatgtca	AGATATTGGAACWTTATATTTTATTTTTGG	atatcgacagtg	WACTAATCAATTWCCAAATCCTCC	ZFZR	14Cro02	1	prerun	ZFZR1_S1_L001_R1_001.fastq	ZFZR1_S1_L001_R2_001.fastq
catcgagtagag	AGATATTGGAACWTTATATTTTATTTTTGG	atatcgacagtg	WACTAATCAATTWCCAAATCCTCC	ZFZR	14Cro03	1	prerun	ZFZR1_S1_L001_R1_001.fastq	ZFZR1_S1_L001_R2_001.fastq
agatcgtactagct	AGATATTGGAACWTTATATTTTATTTTTGG	atatcgacagtg	WACTAATCAATTWCCAAATCCTCC	ZFZR	14Cro04	1	prerun	ZFZR1_S1_L001_R1_001.fastq	ZFZR1_S1_L001_R2_001.fastq
cgatcgtcatcacg	AGATATTGGAACWTTATATTTTATTTTTGG	gcgatcagcagatc	WACTAATCAATTWCCAAATCCTCC	ZFZR	14Cro06	1	prerun	ZFZR1_S1_L001_R1_001.fastq	ZFZR1_S1_L001_R2_001.fastq
tcgatcacgatgt	AGATATTGGAACWTTATATTTTATTTTTGG	gcgatcagcagatc	WACTAATCAATTWCCAAATCCTCC	ZFZR	14Cro07	1	prerun	ZFZR1_S1_L001_R1_001.fastq	ZFZR1_S1_L001_R2_001.fastq
acgatccacagtg	AGATATTGGAACWTTATATTTTATTTTTGG	gcgatcagcagatc	WACTAATCAATTWCCAAATCCTCC	ZFZR	14Cro09	1	prerun	ZFZR1_S1_L001_R1_001.fastq	ZFZR1_S1_L001_R2_001.fastq
gatcgacagatc	AGATATTGGAACWTTATATTTTATTTTTGG	gcgatcagcagatc	WACTAATCAATTWCCAAATCCTCC	ZFZR	14Cro10	1	prerun	ZFZR1_S1_L001_R1_001.fastq	ZFZR1_S1_L001_R2_001.fastq
tgatcgatgatcag	AGATATTGGAACWTTATATTTTATTTTTGG	gcgatcagcagatc	WACTAATCAATTWCCAAATCCTCC	ZFZR	14Cro11	1	prerun	ZFZR1_S1_L001_R1_001.fastq	ZFZR1_S1_L001_R2_001.fastq
gtcgatcatgtca	AGATATTGGAACWTTATATTTTATTTTTGG	gcgatcagcagatc	WACTAATCAATTWCCAAATCCTCC	ZFZR	14Cro12	1	prerun	ZFZR1_S1_L001_R1_001.fastq	ZFZR1_S1_L001_R2_001.fastq
catcgagtagag	AGATATTGGAACWTTATATTTTATTTTTGG	gcgatcagcagatc	WACTAATCAATTWCCAAATCCTCC	ZFZR	14Cro13	1	prerun	ZFZR1_S1_L001_R1_001.fastq	ZFZR1_S1_L001_R2_001.fastq
agatcgtactagct	AGATATTGGAACWTTATATTTTATTTTTGG	gcgatcagcagatc	WACTAATCAATTWCCAAATCCTCC	ZFZR	14Cro14	1	prerun	ZFZR1_S1_L001_R1_001.fastq	ZFZR1_S1_L001_R2_001.fastq
cgatcgtcatcacg	AGATATTGGAACWTTATATTTTATTTTTGG	tctcgatgatcag	WACTAATCAATTWCCAAATCCTCC	ZFZR	14Cro15	1	prerun	ZFZR1_S1_L001_R1_001.fastq	ZFZR1_S1_L001_R2_001.fastq
tcgatcacgatgt	AGATATTGGAACWTTATATTTTATTTTTGG	tctcgatgatcag	WACTAATCAATTWCCAAATCCTCC	ZFZR	14Cro16	1	prerun	ZFZR1_S1_L001_R1_001.fastq	ZFZR1_S1_L001_R2_001.fastq
acgatccacagtg	AGATATTGGAACWTTATATTTTATTTTTGG	tctcgatgatcag	WACTAATCAATTWCCAAATCCTCC	ZFZR	14Cro17	1	prerun	ZFZR1_S1_L001_R1_001.fastq	ZFZR1_S1_L001_R2_001.fastq
tcgatcacgatgt	AGATATTGGAACWTTATATTTTATTTTTGG	tatcgacgatgt	WACTAATCAATTWCCAAATCCTCC	ZFZR	14Deo01	1	prerun	ZFZR1_S1_L001_R1_001.fastq	ZFZR1_S1_L001_R2_001.fastq
acgatccacagtg	AGATATTGGAACWTTATATTTTATTTTTGG	tatcgacgatgt	WACTAATCAATTWCCAAATCCTCC	ZFZR	14Deo02	1	prerun	ZFZR1_S1_L001_R1_001.fastq	ZFZR1_S1_L001_R2_001.fastq
gatcgacagatc	AGATATTGGAACWTTATATTTTATTTTTGG	tatcgacgatgt	WACTAATCAATTWCCAAATCCTCC	ZFZR	14Deo03	1	prerun	ZFZR1_S1_L001_R1_001.fastq	ZFZR1_S1_L001_R2_001.fastq
tgatcgatgatcag	AGATATTGGAACWTTATATTTTATTTTTGG	tatcgacgatgt	WACTAATCAATTWCCAAATCCTCC	ZFZR	14Deo04	1	prerun	ZFZR1_S1_L001_R1_001.fastq	ZFZR1_S1_L001_R2_001.fastq
cgatcgtcatcacg	AGATATTGGAACWTTATATTTTATTTTTGG	ctcgatgatcacg	WACTAATCAATTWCCAAATCCTCC	ZFZR	14Mon01	1	prerun	ZFZR1_S1_L001_R1_001.fastq	ZFZR1_S1_L001_R2_001.fastq
tcgatcacgatgt	AGATATTGGAACWTTATATTTTATTTTTGG	ctcgatgatcacg	WACTAATCAATTWCCAAATCCTCC	ZFZR	14Mon02	1	prerun	ZFZR1_S1_L001_R1_001.fastq	ZFZR1_S1_L001_R2_001.fastq
acgatccacagtg	AGATATTGGAACWTTATATTTTATTTTTGG	ctcgatgatcacg	WACTAATCAATTWCCAAATCCTCC	ZFZR	14Mon03	1	prerun	ZFZR1_S1_L001_R1_001.fastq	ZFZR1_S1_L001_R2_001.fastq
gatcgacagatc	AGATATTGGAACWTTATATTTTATTTTTGG	ctcgatgatcacg	WACTAATCAATTWCCAAATCCTCC	ZFZR	14Mon04	1	prerun	ZFZR1_S1_L001_R1_001.fastq	ZFZR1_S1_L001_R2_001.fastq
tgatcgatgatcag	AGATATTGGAACWTTATATTTTATTTTTGG	ctcgatgatcacg	WACTAATCAATTWCCAAATCCTCC	ZFZR	14Mon05	1	prerun	ZFZR1_S1_L001_R1_001.fastq	ZFZR1_S1_L001_R2_001.fastq
gtcgatcatgtca	AGATATTGGAACWTTATATTTTATTTTTGG	ctcgatgatcacg	WACTAATCAATTWCCAAATCCTCC	ZFZR	14Mon06	1	prerun	ZFZR1_S1_L001_R1_001.fastq	ZFZR1_S1_L001_R2_001.fastq
catcgagtagag	AGATATTGGAACWTTATATTTTATTTTTGG	ctcgatgatcacg	WACTAATCAATTWCCAAATCCTCC	ZFZR	14Mon07	1	prerun	ZFZR1_S1_L001_R1_001.fastq	ZFZR1_S1_L001_R2_001.fastq
agatcgtactagct	AGATATTGGAACWTTATATTTTATTTTTGG	ctcgatgatcacg	WACTAATCAATTWCCAAATCCTCC	ZFZR	14Mon09	1	prerun	ZFZR1_S1_L001_R1_001.fastq	ZFZR1_S1_L001_R2_001.fastq
cgatcgtcatcacg	AGATATTGGAACWTTATATTTTATTTTTGG	tatcgacgatgt	WACTAATCAATTWCCAAATCCTCC	ZFZR	14Mon10	1	prerun	ZFZR1_S1_L001_R1_001.fastq	ZFZR1_S1_L001_R2_001.fastq
gatcgacagatc	AGATATTGGAACWTTATATTTTATTTTTGG	tctcgatgatcag	WACTAATCAATTWCCAAATCCTCC	ZFZR	P1	1	prerun	ZFZR1_S1_L001_R1_001.fastq	ZFZR1_S1_L001_R2_001.fastq
tgatcgatgatcag	AGATATTGGAACWTTATATTTTATTTTTGG	tctcgatgatcag	WACTAATCAATTWCCAAATCCTCC	ZFZR	P2	1	prerun	ZFZR1_S1_L001_R1_001.fastq	ZFZR1_S1_L001_R2_001.fastq
gtcgatcatgtca	AGATATTGGAACWTTATATTTTATTTTTGG	tctcgatgatcag	WACTAATCAATTWCCAAATCCTCC	ZFZR	P3	1	prerun	ZFZR1_S1_L001_R1_001.fastq	ZFZR1_S1_L001_R2_001.fastq
catcgagtagag	AGATATTGGAACWTTATATTTTATTTTTGG	tctcgatgatcag	WACTAATCAATTWCCAAATCCTCC	ZFZR	P4	1	prerun	ZFZR1_S1_L001_R1_001.fastq	ZFZR1_S1_L001_R2_001.fastq
agatcgtactagct	AGATATTGGAACWTTATATTTTATTTTTGG	tctcgatgatcag	WACTAATCAATTWCCAAATCCTCC	ZFZR	P5	1	prerun	ZFZR1_S1_L001_R1_001.fastq	ZFZR1_S1_L001_R2_001.fastq
tcgatcacgatgt	AGATATTGGAACWTTATATTTTATTTTTGG	gagatcatgtca	WACTAATCAATTWCCAAATCCTCC	ZFZR	Tpos1_prerun	2	prerun	ZFZR2_S2_L001_R1_001.fastq	ZFZR2_S2_L001_R2_001.fastq
tgatcgatgatcag	AGATATTGGAACWTTATATTTTATTTTTGG	gagatcatgtca	WACTAATCAATTWCCAAATCCTCC	ZFZR	Tpos2_prerun	2	prerun	ZFZR2_S2_L001_R1_001.fastq	ZFZR2_S2_L001_R2_001.fastq
acgatccacagtg	AGATATTGGAACWTTATATTTTATTTTTGG	gagatcatgtca	WACTAATCAATTWCCAAATCCTCC	ZFZR	TnegExt1_prerun	2	prerun	ZFZR2_S2_L001_R1_001.fastq	ZFZR2_S2_L001_R2_001.fastq
gatcgacagatc	AGATATTGGAACWTTATATTTTATTTTTGG	gagatcatgtca	WACTAATCAATTWCCAAATCCTCC	ZFZR	TnegExt2_prerun	2	prerun	ZFZR2_S2_L001_R1_001.fastq	ZFZR2_S2_L001_R2_001.fastq
gtcgatcatgtca	AGATATTGGAACWTTATATTTTATTTTTGG	gagatcatgtca	WACTAATCAATTWCCAAATCCTCC	ZFZR	TnegPai1_prerun	2	prerun	ZFZR2_S2_L001_R1_001.fastq	ZFZR2_S2_L001_R2_001.fastq
catcgagtagag	AGATATTGGAACWTTATATTTTATTTTTGG	gagatcatgtca	WACTAATCAATTWCCAAATCCTCC	ZFZR	TnegPai2_prerun	2	prerun	ZFZR2_S2_L001_R1_001.fastq	ZFZR2_S2_L001_R2_001.fastq
cgatcgtcatcacg	AGATATTGGAACWTTATATTTTATTTTTGG	gagatcatgtca	WACTAATCAATTWCCAAATCCTCC	ZFZR	TnegPCR_prerun	2	prerun	ZFZR2_S2_L001_R1_001.fastq	ZFZR2_S2_L001_R2_001.fastq
agatcgtactagct	AGATATTGGAACWTTATATTTTATTTTTGG	gagatcatgtca	WACTAATCAATTWCCAAATCCTCC	ZFZR	TnegTag_prerun	2	prerun	ZFZR2_S2_L001_R1_001.fastq	ZFZR2_S2_L001_R2_001.fastq
gtcgatcatgtca	AGATATTGGAACWTTATATTTTATTTTTGG	tatcgacgatgt	WACTAATCAATTWCCAAATCCTCC	ZFZR	14Ben01	2	prerun	ZFZR2_S2_L001_R1_001.fastq	ZFZR2_S2_L001_R2_001.fastq
catcgagtagag	AGATATTGGAACWTTATATTTTATTTTTGG	tatcgacgatgt	WACTAATCAATTWCCAAATCCTCC	ZFZR	14Ben02	2	prerun	ZFZR2_S2_L001_R1_001.fastq	ZFZR2_S2_L001_R2_001.fastq
agatcgtactagct	AGATATTGGAACWTTATATTTTATTTTTGG	tatcgacgatgt	WACTAATCAATTWCCAAATCCTCC	ZFZR	14Ben05	2	prerun	ZFZR2_S2_L001_R1_001.fastq	ZFZR2_S2_L001_R2_001.fastq
gatcgacagatc	AGATATTGGAACWTTATATTTTATTTTTGG	atatcgacagtg	WACTAATCAATTWCCAAATCCTCC	ZFZR	14Ben06	2	prerun	ZFZR2_S2_L001_R1_001.fastq	ZFZR2_S2_L001_R2_001.fastq
cgatcgtcatcacg	AGATATTGGAACWTTATATTTTATTTTTGG	atatcgacagtg	WACTAATCAATTWCCAAATCCTCC	ZFZR	14Ben07	2	prerun	ZFZR2_S2_L001_R1_001.fastq	ZFZR2_S2_L001_R2_001.fastq
tcgatcacgatgt	AGATATTGGAACWTTATATTTTATTTTTGG	atatcgacagtg	WACTAATCAATTWCCAAATCCTCC	ZFZR	14Ben08	2	prerun	ZFZR2_S2_L001_R1_001.fastq	ZFZR2_S2_L001_R2_001.fastq
acgatccacagtg	AGATATTGGAACWTTATATTTTATTTTTGG	atatcgacagtg	WACTAATCAATTWCCAAATCCTCC	ZFZR	14Ben09	2	prerun	ZFZR2_S2_L001_R1_001.fastq	ZFZR2_S2_L001_R2_001.fastq
tgatcgatgatcag	AGATATTGGAACWTTATATTTTATTTTTGG	atatcgacagtg	WACTAATCAATTWCCAAATCCTCC	ZFZR	14Cro01	2	prerun	ZFZR2_S2_L001_R1_001.fastq	ZFZR2_S2_L001_R2_001.fastq
gtcgatcatgtca	AGATATTGGAACWTTATATTTTATTTTTGG	atatcgacagtg	WACTAATCAATTWCCAAATCCTCC	ZFZR	14Cro02	2	prerun	ZFZR2_S2_L001_R1_001.fastq	ZFZR2_S2_L001_R2_001.fastq
catcgagtagag	AGATATTGGAACWTTATATTTTATTTTTGG	atatcgacagtg	WACTAATCAATTWCCAAATCCTCC	ZFZR	14Cro03	2	prerun	ZFZR2_S2_L001_R1_001.fastq	ZFZR2_S2_L001_R2_001.fastq
agatcgtactagct	AGATATTGGAACWTTATATTTTATTTTTGG	atatcgacagtg	WACTAATCAATTWCCAAATCCTCC	ZFZR	14Cro04	2	prerun	ZFZR2_S2_L001_R1_001.fastq	ZFZR2_S2_L001_R2_001.fastq
cgatcgtcatcacg	AGATATTGGAACWTTATATTTTATTTTTGG	gcgatcagcagatc	WACTAATCAATTWCCAAATCCTCC	ZFZR	14Cro06	2	prerun	ZFZR2_S2_L001_R1_001.fastq	ZFZR2_S2_L001_R2_001.fastq
tcgatcacgatgt	AGATATTGGAACWTTATATTTTATTTTTGG	gcgatcagcagatc	WACTAATCAATTWCCAAATCCTCC	ZFZR	14Cro07	2	prerun	ZFZR2_S2_L001_R1_001.fastq	ZFZR2_S2_L001_R2_001.fastq
acgatccacagtg	AGATATTGGAACWTTATATTTTATTTTTGG	gcgatcagcagatc	WACTAATCAATTWCCAAATCCTCC	ZFZR	14Cro09	2	prerun	ZFZR2_S2_L001_R1_001.fastq	ZFZR2_S2_L001_R2_001.fastq
gatcgacagatc	AGATATTGGAACWTTATATTTTATTTTTGG	gcgatcagcagatc	WACTAATCAATTWCCAAATCCTCC	ZFZR	14Cro10	2	prerun	ZFZR2_S2_L001_R1_001.fastq	ZFZR2_S2_L001_R2_001.fastq
tgatcgatgatcag	AGATATTGGAACWTTATATTTTATTTTTGG	gcgatcagcagatc	WACTAATCAATTWCCAAATCCTCC	ZFZR	14Cro11	2	prerun	ZFZR2_S2_L001_R1_001.fastq	ZFZR2_S2_L001_R2_001.fastq
gtcgatcatgtca	AGATATTGGAACWTTATATTTTATTTTTGG	gcgatcagcagatc	WACTAATCAATTWCCAAATCCTCC	ZFZR	14Cro12	2	prerun	ZFZR2_S2_L001_R1_001.fastq	ZFZR2_S2_L001_R2_001.fastq
catcgagtagag	AGATATTGGAACWTTATATTTTATTTTTGG	gcgatcagcagatc	WACTAATCAATTWCCAAATCCTCC	ZFZR	14Cro13	2	prerun	ZFZR2_S2_L001_R1_001.fastq	ZFZR2_S2_L001_R2_001.fastq
agatcgtactagct	AGATATTGGAACWTTATATTTTATTTTTGG	gcgatcagcagatc	WACTAATCAATTWCCAAATCCTCC	ZFZR	14Cro14	2	prerun	ZFZR2_S2_L001_R1_001.fastq	ZFZR2_S2_L001_R2_001.fastq
cgatcgtcatcacg	AGATATTGGAACWTTATATTTTATTTTTGG	tctcgatgatcag	WACTAATCAATTWCCAAATCCTCC	ZFZR	14Cro15	2	prerun	ZFZR2_S2_L001_R1_001.fastq	ZFZR2_S2_L001_R2_001.fastq
tcgatcacgatgt	AGATATTGGAACWTTATATTTTATTTTTGG	tctcgatgatcag	WACTAATCAATTWCCAAATCCTCC	ZFZR	14Cro16	2	prerun	ZFZR2_S2_L001_R1_001.fastq	ZFZR2_S2_L001_R2_001.fastq
acgatccacagtg	AGATATTGGAACWTTATATTTTATTTTTGG	tctcgatgatcag	WACTAATCAATTWCCAAATCCTCC	ZFZR	14Cro17	2	prerun	ZFZR2_S2_L001_R1_001.fastq	ZFZR2_S2_L001_R2_001.fastq
tcgatcacgatgt	AGATATTGGAACWTTATATTTTATTTTTGG	tatcgacgatgt	WACTAATCAATTWCCAAATCCTCC	ZFZR	14Deo01	2	prerun	ZFZR2_S2_L001_R1_001.fastq	ZFZR2_S2_L001_R2_001.fastq
acgatccacagtg	AGATATTGGAACWTTATATTTTATTTTTGG	tatcgacgatgt	WACTAATCAATTWCCAAATCCTCC	ZFZR	14Deo02	2	prerun	ZFZR2_S2_L001_R1_001.fastq	ZFZR2_S2_L001_R2_001.fastq
gatcgacagatc	AGATATTGGAACWTTATATTTTATTTTTGG	tatcgacgatgt	WACTAATCAATTWCCAAATCCTCC	ZFZR	14Deo03	2	prerun	ZFZR2_S2_L001_R1_001.fastq	ZFZR2_S2_L001_R2_001.fastq
tgatcgatgatcag	AGATATTGGAACWTTATATTTTATTTTTGG	tatcgacgatgt	WACTAATCAATTWCCAAATCCTCC	ZFZR	14Deo04	2	prerun	ZFZR2_S2_L001_R1_001.fastq	ZFZR2_S2_L001_R2_001.fastq
cgatcgtcatcacg	AGATATTGGAACWTTATATTTTATTTTTGG	ctcgatgatcacg	WACTAATCAATTWCCAAATCCTCC	ZFZR	14Mon01	2	prerun	ZFZR2_S2_L001_R1_001.fastq	ZFZR2_S2_L001_R2_001.fastq
tcgatcacgatgt	AGATATTGGAACWTTATATTTTATTTTTGG	ctcgatgatcacg	WACTAATCAATTWCCAAATCCTCC	ZFZR	14Mon02	2	prerun	ZFZR2_S2_L001_R1_001.fastq	ZFZR2_S2_L001_R2_001.fastq
acgatccacagtg	AGATATTGGAACWTTATATTTTATTTTTGG	ctcgatgatcacg	WACTAATCAATTWCCAAATCCTCC	ZFZR	14Mon03	2	prerun	ZFZR2_S2_L001_R1_001.fastq	ZFZR2_S2_L001_R2_001.fastq
gatcgacagatc	AGATATTGGAACWTTATATTTTATTTTTGG	ctcgatgatcacg	WACTAATCAATTWCCAAATCCTCC	ZFZR	14Mon04	2	prerun	ZFZR2_S2_L001_R1_001.fastq	ZFZR2_S2_L001_R2_001.fastq
tgatcgatgatcag	AGATATTGGAACWTTATATTTTATTTTTGG	ctcgatgatcacg	WACTAATCAATTWCCAAATCCTCC	ZFZR	14Mon05	2	prerun	ZFZR2_S2_L001_R1_001.fastq	ZFZR2_S2_L001_R2_001.fastq
gtcgatcatgtca	AGATATTGGAACWTTATATTTTATTTTTGG	ctcgatgatcacg	WACTAATCAATTWCCAAATCCTCC	ZFZR	14Mon06	2	prerun	ZFZR2_S2_L001_R1_001.fastq	ZFZR2_S2_L001_R2_001.fastq
catcgagtagag	AGATATTGGAACWTTATATTTTATTTTTGG	ctcgatgatcacg	WACTAATCAATTWCCAAATCCTCC	ZFZR	14Mon07	2	prerun	ZFZR2_S2_L001_R1_001.fastq	ZFZR2_S2_L001_R2_001.fastq
agatcgtactagct	AGATATTGGAACWTTATATTTTATTTTTGG	ctcgatgatcacg	WACTAATCAATTWCCAAATCCTCC	ZFZR	14Mon09	2	prerun	ZFZR2_S2_L001_R1_001.fastq	ZFZR2_S2_L001_R2_001.fastq
cgatcgtcatcacg	AGATATTGGAACWTTATATTTTATTTTTGG	tatcgacgatgt	WACTAATCAATTWCCAAATCCTCC	ZFZR	14Mon10	2	prerun	ZFZR2_S2_L001_R1_001.fastq	ZFZR2_S2_L001_R2_001.fastq
gatcgacagatc	AGATATTGGAACWTTATATTTTATTTTTGG	tctcgatgatcag	WACTAATCAATTWCCAAATCCTCC	ZFZR	P1	2	prerun	ZFZR2_S2_L001_R1_001.fastq	ZFZR2_S2_L001_R2_001.fastq
tgatcgatgatcag	AGATATTGGAACWTTATATTTTATTTTTGG	tctcgatgatcag	WACTAATCAATTWCCAAATCCTCC	ZFZR	P2	2	prerun	ZFZR2_S2_L001_R1_001.fastq	ZFZR2_S2_L001_R2_001.fastq
gtcgatcatgtca	AGATATTGGAACWTTATATTTTATTTTTGG	tctcgatgatcag	WACTAATCAATTWCCAAATCCTCC	ZFZR	P3	2	prerun	ZFZR2_S2_L001_R1_001.fastq	ZFZR2_S2_L001_R2_001.fastq
catcgagtagag	AGATATTGGAACWTTATATTTTATTTTTGG	tctcgatgatcag	WACTAATCAATTWCCAAATCCTCC	ZFZR	P4	2	prerun	ZFZR2_S2_L001_R1_001.fastq	ZFZR2_S2_L001_R2_001.fastq
agatcgtactagct	AGATATTGGAACWTTATATTTTATTTTTGG	tctcgatgatcag	WACTAATCAATTWCCAAATCCTCC	ZFZR	P5	2	prerun	ZFZR2_S2_L001_R1_001.fastq	ZFZR2_S2_L001_R2_001.fastq
tcgatcacgatgt	AGATATTGGAACWTTATATTTTATTTTTGG	gagatcatgtca	WACTAATCAATTWCCAAATCCTCC	ZFZR	Tpos1_prerun	3	prerun	ZFZR3_S3_L001_R1_001.fastq	ZFZR3_S3_L001_R2_001.fastq
tgatcgatgatcag	AGATATTGGAACWTTATATTTTATTTTTGG	gagatcatgtca	WACTAATCAATTWCCAAATCCTCC	ZFZR	Tpos2_prerun	3	prerun	ZFZR3_S3_L001_R1_001.fastq	ZFZR3_S3_L001_R2_001.fastq
acgatccacagtg	AGATATTGGAACWTTATATTTTATTTTTGG	gagatcatgtca	WACTAATCAATTWCCAAATCCTCC	ZFZR	TnegExt1_prerun	3	prerun	ZFZR3_S3_L001_R1_001.fastq	ZFZR3_S3_L001_R2_001.fastq
gatcgacagatc	AGATATTGGAACWTTATATTTTATTTTTGG	gagatcatgtca	WACTAATCAATTWCCAAATCCTCC	ZFZR	TnegExt2_prerun	3	prerun	ZFZR3_S3_L001_R1_001.fastq	ZFZR3_S3_L001_R2_001.fastq
gtcgatcatgtca	AGATATTGGAACWTTATATTTTATTTTTGG	gagatcatgtca	WACTAATCAATTWCCAAATCCTCC	ZFZR	TnegPai1_prerun	3	prerun	ZFZR3_S3_L001_R1_001.fastq	ZFZR3_S3_L001_R2_001.fastq
catcgagtagag	AGATATTGGAACWTTATATTTTATTTTTGG	gagatcatgtca	WACTAATCAATTWCCAAATCCTCC	ZFZR	TnegPai2_prerun	3	prerun	ZFZR3_S3_L001_R1_001.fastq	ZFZR3_S3_L001_R2_001.fastq
cgatcgtcatcacg	AGATATTGGAACWTTATATTTTATTTTTGG	gagatcatgtca	WACTAATCAATTWCCAAATCCTCC	ZFZR	TnegPCR_prerun	3	prerun	ZFZR3_S3_L001_R1_001.fastq	ZFZR3_S3_L001_R2_001.fastq
agatcgtactagct	AGATATTGGAACWTTATATTTTATTTTTGG	gagatcatgtca	WACTAATCAATTWCCAAATCCTCC	ZFZR	TnegTag_prerun	3	prerun	ZFZR3_S3_L001_R1_001.fastq	ZFZR3_S3_L001_R2_001.fastq
gtcgatcatgtca	AGATATTGGAACWTTATATTTTATTTTTGG	tatcgacgatgt	WACTAATCAATTWCCAAATCCTCC	ZFZR	14Ben01	3	prerun	ZFZR3_S3_L001_R1_001.fastq	ZFZR3_S3_L001_R2_001.fastq
catcgagtagag	AGATATTGGAACWTTATATTTTATTTTTGG	tatcgacgatgt	WACTAATCAATTWCCAAATCCTCC	ZFZR	14Ben02	3	prerun	ZFZR3_S3_L001_R1_001.fastq	ZFZR3_S3_L001_R2_001.fastq
agatcgtactagct	AGATATTGGAACWTTATATTTTATTTTTGG	tatcgacgatgt	WACTAATCAATTWCCAAATCCTCC	ZFZR	14Ben05	3	prerun	ZFZR3_S3_L001_R1_001.fastq	ZFZR3_S3_L001_R2_001.fastq
gatcgacagatc	AGATATTGGAACWTTATATTTTATTTTTGG	atatcgacagtg	WACTAATCAATTWCCAAATCCTCC	ZFZR	14Ben06	3	prerun	ZFZR3_S3_L001_R1_001.fastq	ZFZR3_S3_L001_R2_001.fastq
cgatcgtcatcacg	AGATATTGGAACWTTATATTTTATTTTTGG	atatcgacagtg	WACTAATCAATTWCCAAATCCTCC	ZFZR	14Ben07	3	prerun	ZFZR3_S3_L001_R1_001.fastq	ZFZR3_S3_L001_R2_001.fastq
tcgatcacgatgt	AGATATTGGAACWTTATATTTTATTTTTGG	atatcgacagtg	WACTAATCAATTWCCAAATCCTCC	ZFZR	14Ben08	3	prerun	ZFZR3_S3_L001_R1_001.fastq	ZFZR3_S3_L001_R2_001.fastq
acgatccacagtg	AGATATTGGAACWTTATATTTTATTTTTGG	atatcgacagtg	WACTAATCAATTWCCAAATCCTCC	ZFZR	14Ben09	3	prerun	ZFZR3_S3_L001_R1_001.fastq	ZFZR3_S3_L001_R2_001.fastq
tgatcgatgatcag	AGATATTGGAACWTTATATTTTATTTTTGG	atatcgacagtg	WACTAATCAATTWCCAAATCCTCC	ZFZR	14Cro01	3	prerun	ZFZR3_S3_L001_R1_001.fastq	ZFZR3_S3_L001_R2_001.fastq
gtcgatcatgtca	AGATATTGGAACWTTATATTTTATTTTTGG	atatcgacagtg	WACTAATCAATTWCCAAATCCTCC	ZFZR	14Cro02	3	prerun	ZFZR3_S3_L001_R1_001.fastq	ZFZR3_S3_L001_R2_001.fastq
catcgagtagag	AGATATTGGAACWTTATATTTTATTTTTGG	atatcgacagtg	WACTAATCAATTWCCAAATCCTCC	ZFZR	14Cro03	3	prerun	ZFZR3_S3_L001_R1_001.fastq	ZFZR3_S3_L001_R2_001.fastq
agatcgtactagct	AGATATTGGAACWTTATATTTTATTTTTGG	atatcgacagtg	WACTAATCAATTWCCAAATCCTCC	ZFZR	14Cro04	3	prerun	ZFZR3_S3_L001_R1_001.fastq	ZFZR3_S3_L001_R2_001.fastq
cgatcgtcatcacg	AGATATTGGAACWTTATATTTTATTTTTGG	gcgatcagcagatc	WACTAATCAATTWCCAAATCCTCC	ZFZR	14Cro06	3	prerun	ZFZR3_S3_L001_R1_001.fastq	ZFZR3_S3_L001_R2_001.fastq
tcgatcacgatgt	AGATATTGGAACWTTATATTTTATTTTTGG	gcgatcagcagatc	WACTAATCAATTWCCAAATCCTCC	ZFZR	14Cro07	3	prerun	ZFZR3_S3_L001_R1_001.fastq	ZFZR3_S3_L001_R2_001.fastq
acgatccacagtg	AGATATTGGAACWTTATATTTTATTTTTGG	gcgatcagcagatc	WACTAATCAATTWCCAAATCCTCC	ZFZR	14Cro09	3	prerun	ZFZR3_S3_L001_R1_001.fastq	ZFZR3_S3_L001_R2_001.fastq
gatcgacagatc	AGATATTGGAACWTTATATTTTATTTTTGG	gcgatcagcagatc	WACTAATCAATTWCCAAATCCTCC	ZFZR	14Cro10	3	prerun	ZFZR3_S3_L001_R1_001.fastq	ZFZR3_S3_L001_R2_001.fastq
tgatcgatgatcag	AGATATTGGAACWTTATATTTTATTTTTGG	gcgatcagcagatc	WACTAATCAATTWCCAAATCCTCC	ZFZR	14Cro11	3	prerun	ZFZR3_S3_L001_R1_001.fastq	ZFZR3_S3_L001_R2_001.fastq
gtcgatcatgtca	AGATATTGGAACWTTATATTTTATTTTTGG	gcgatcagcagatc	WACTAATCAATTWCCAAATCCTCC	ZFZR	14Cro12	3	prerun	ZFZR3_S3_L001_R1_001.fastq	ZFZR3_S3_L001_R2_001.fastq
catcgagtagag	AGATATTGGAACWTTATATTTTATTTTTGG	gcgatcagcagatc	WACTAATCAATTWCCAAATCCTCC	ZFZR	14Cro13	3	prerun	ZFZR3_S3_L001_R1_001.fastq	ZFZR3_S3_L001_R2_001.fastq
agatcgtactagct	AGATATTGGAACWTTATATTTTATTTTTGG	gcgatcagcagatc	WACTAATCAATTWCCAAATCCTCC	ZFZR	14Cro14	3	prerun	ZFZR3_S3_L001_R1_001.fastq	ZFZR3_S3_L001_R2_001.fastq
cgatcgtcatcacg	AGATATTGGAACWTTATATTTTATTTTTGG	tctcgatgatcag	WACTAATCAATTWCCAAATCCTCC	ZFZR	14Cro15	3	prerun	ZFZR3_S3_L001_R1_001.fastq	ZFZR3_S3_L001_R2_001.fastq
tcgatcacgatgt	AGATATTGGAACWTTATATTTTATTTTTGG	tctcgatgatcag	WACTAATCAATTWCCAAATCCTCC	ZFZR	14Cro16	3	prerun	ZFZR3_S3_L001_R1_001.fastq	ZFZR3_S3_L001_R2_001.fastq
acgatccacagtg	AGATATTGGAACWTTATATTTTATTTTTGG	tctcgatgatcag	WACTAATCAATTWCCAAATCCTCC	ZFZR	14Cro17	3	prerun	ZFZR3_S3_L001_R1_001.fastq	ZFZR3_S3_L001_R2_001.fastq
tcgatcacgatgt	AGATATTGGAACWTTATATTTTATTTTTGG	tatcgacgatgt	WACTAATCAATTWCCAAATCCTCC	ZFZR	14Deo01	3	prerun	ZFZR3_S3_L001_R1_001.fastq	ZFZR3_S3_L001_R2_001.fastq
acgatccacagtg	AGATATTGGAACWTTATATTTTATTTTTGG	tatcgacgatgt	WACTAATCAATTWCCAAATCCTCC	ZFZR	14Deo02	3	prerun	ZFZR3_S3_L001_R1_001.fastq	ZFZR3_S3_L001_R2_001.fastq
gatcgacagatc	AGATATTGGAACWTTATATTTTATTTTTGG	tatcgacgatgt	WACTAATCAATTWCCAAATCCTCC	ZFZR	14Deo03	3	prerun	ZFZR3_S3_L001_R1_001.fastq	ZFZR3_S3_L001_R2_001.fastq
tgatcgatgatcag	AGATATTGGAACWTTATATTTTATTTTTGG	tatcgacgatgt	WACTAATCAATTWCCAAATCCTCC	ZFZR	14Deo04	3	prerun	ZFZR3_S3_L001_R1_001.fastq	ZFZR3_S3_L001_R2_001.fastq
cgatcgtcatcacg	AGATATTGGAACWTTATATTTTATTTTTGG	ctcgatgatcacg	WACTAATCAATTWCCAAATCCTCC	ZFZR	14Mon01	3	prerun	ZFZR3_S3_L001_R1_001.fastq	ZFZR3_S3_L001_R2_001.fastq
tcgatcacgatgt	AGATATTGGAACWTTATATTTTATTTTTGG	ctcgatgatcacg	WACTAATCAATTWCCAAATCCTCC	ZFZR	14Mon02	3	prerun	ZFZR3_S3_L001_R1_001.fastq	ZFZR3_S3_L001_R2_001.fastq
acgatccacagtg	AGATATTGGAACWTTATATTTTATTTTTGG	ctcgatgatcacg	WACTAATCAATTWCCAAATCCTCC	ZFZR	14Mon03	3	prerun	ZFZR3_S3_L001_R1_001.fastq	ZFZR3_S3_L001_R2_001.fastq
gatcgacagatc	AGATATTGGAACWTTATATTTTATTTTTGG	ctcgatgatcacg	WACTAATCAATTWCCAAATCCTCC	ZFZR	14Mon04	3	prerun	ZFZR3_S3_L001_R1_001.fastq	ZFZR3_S3_L001_R2_001.fastq
tgatcgatgatcag	AGATATTGGAACWTTATATTTTATTTTTGG	ctcgatgatcacg	WACTAATCAATTWCCAAATCCTCC	ZFZR	14Mon05	3	prerun	ZFZR3_S3_L001_R1_001.fastq	ZFZR3_S3_L001_R2_001.fastq
gtcgatcatgtca	AGATATTGGAACWTTATATTTTATTTTTGG	ctcgatgatcacg	WACTAATCAATTWCCAAATCCTCC	ZFZR	14Mon06	3	prerun	ZFZR3_S3_L001_R1_001.fastq	ZFZR3_S3_L001_R2_001.fastq
catcgagtagag	AGATATTGGAACWTTATATTTTATTTTTGG	ctcgatgatcacg	WACTAATCAATTWCCAAATCCTCC	ZFZR	14Mon07	3	prerun	ZFZR3_S3_L001_R1_001.fastq	ZFZR3_S3_L001_R2_001.fastq
agatcgtactagct	AGATATTGGAACWTTATATTTTATTTTTGG	ctcgatgatcacg	WACTAATCAATTWCCAAATCCTCC	ZFZR	14Mon09	3	prerun	ZFZR3_S3_L001_R1_001.fastq	ZFZR3_S3_L001_R2_001.fastq
cgatcgtcatcacg	AGATATTGGAACWTTATATTTTATTTTTGG	tatcgacgatgt	WACTAATCAATTWCCAAATCCTCC	ZFZR	14Mon10	3	prerun	ZFZR3_S3_L001_R1_001.fastq	ZFZR3_S3_L001_R2_001.fastq
gatcgacagatc	AGATATTGGAACWTTATATTTTATTTTTGG	tctcgatgatcag	WACTAATCAATTWCCAAATCCTCC	ZFZR	P1	3	prerun	ZFZR3_S3_L001_R1_001.fastq	ZFZR3_S3_L001_R2_001.fastq
tgatcgatgatcag	AGATATTGGAACWTTATATTTTATTTTTGG	tctcgatgatcag	WACTAATCAATTWCCAAATCCTCC	ZFZR	P2	3	prerun	ZFZR3_S3_L001_R1_001.fastq	ZFZR3_S3_L001_R2_001.fastq
gtcgatcatgtca	AGATATTGGAACWTTATATTTTATTTTTGG	tctcgatgatcag	WACTAATCAATTWCCAAATCCTCC	ZFZR	P3	3	prerun	ZFZR3_S3_L001_R1_001.fastq	ZFZR3_S3_L001_R2_001.fastq
catcgagtagag	AGATATTGGAACWTTATATTTTATTTTTGG	tctcgatgatcag	WACTAATCAATTWCCAAATCCTCC	ZFZR	P4	3	prerun	ZFZR3_S3_L001_R1_001.fastq	ZFZR3_S3_L001_R2_001.fastq
agatcgtactagct	AGATATTGGAACWTTATATTTTATTTTTGG	tctcgatgatcag	WACTAATCAATTWCCAAATCCTCC	ZFZR	P5	3	prerun	ZFZR3_S3_L001_R1_001.fastq	ZFZR3_S3_L001_R2_001.fastq
