Marker	Run	Biosample	BiosampleType	VariantId	Action	Sequence	Note
MFZR	prerun	Tpos1_prerun	mock		keep	TCTATATTTCATTTTTGGTGCTTGGGCAGGTATGGTAGGTACCTCATTAAGACTTTTAATTCGAGCCGAGTTGGGTAACCCGGGTTCATTAATTGGGGACGATCAAATTTATAACGTAATCGTAACTGCTCATGCCTTTATTATGATTTTTTTTATAGTGATACCTATTATAATT	Variant present in the Tpos and amplified correctly by the marker
MFZR	prerun	Tpos1_prerun	mock		keep	CTTATATTTTATTTTTGGTGCTTGATCAGGGATAGTGGGAACTTCTTTAAGAATTCTTATTCGAGCTGAACTTGGTCATGCGGGATCTTTAATCGGAGACGATCAAATTTACAATGTAATTGTTACTGCACACGCCTTTGTAATAATTTTTTTTATAGTTATACCTATTTTAATT	Variant present in the Tpos and amplified correctly by the marker
MFZR	prerun	Tpos1_prerun	mock		keep	CCTTTATTTTATTTTCGGTATCTGATCAGGTCTCGTAGGATCATCACTTAGATTTATTATTCGAATAGAATTAAGAACTCCTGGTAGATTTATTGGCAACGACCAAATTTATAACGTAATTGTTACATCTCATGCATTTATTATAATTTTTTTTATAGTTATACCAATCATAATT	Variant present in the Tpos and amplified correctly by the marker
MFZR	prerun	Tpos1_prerun	mock		keep	CCTTTATCTTGTATTTGGTGCCTGGGCCGGAATGGTAGGGACCGCCCTAAGCCTTCTTATTCGGGCCGAACTAAGCCAGCCTGGCTCGCTATTAGGTGATAGCCAAATTTATAATGTTATTGTTACCGCCCACGCCTTCGTAATAATTTTCTTTATAGTCATGCCAATTCTCATT	Variant present in the Tpos and amplified correctly by the marker
MFZR	prerun	Tpos1_prerun	mock		keep	ACTATATTTTATTTTTGGGGCTTGATCCGGAATGCTGGGCACCTCTCTAAGCCTTCTAATTCGTGCCGAGCTGGGGCACCCGGGTTCTTTAATTGGCGACGATCAAATTTACAATGTAATCGTCACAGCCCATGCTTTTATTATGATTTTTTTCATGGTTATGCCTATTATAATC	Variant present in the Tpos and amplified correctly by the marker
MFZR	prerun	Tpos1_prerun	mock		keep	ACTTTATTTTATTTTTGGTGCTTGATCAGGAATAGTAGGAACTTCTTTAAGAATTCTAATTCGAGCTGAATTAGGTCATGCCGGTTCATTAATTGGAGATGATCAAATTTATAATGTAATTGTAACTGCTCATGCTTTTGTAATAATTTTCTTTATAGTTATACCTATTTTAATT	Variant present in the Tpos and amplified correctly by the marker
MFZR	prerun	Tpos1_prerun	mock		tolerate	ACTTTATTTCATTTTCGGAACATTTGCAGGAGTTGTAGGAACTTTACTTTCATTATTTATTCGTCTTGAATTAGCTTATCCAGGAAATCAATTTTTTTTAGGAAATCACCAACTTTATAATGTGGTTGTGACAGCACATGCTTTTATCATGATTTTTTTCATGGTTATGCCGATTTTAATC	Variant present in the Tpos not amplified correctly by the marker
MFZR	prerun	Tpos2_prerun	mock		keep	TCTATATTTCATTTTTGGTGCTTGGGCAGGTATGGTAGGTACCTCATTAAGACTTTTAATTCGAGCCGAGTTGGGTAACCCGGGTTCATTAATTGGGGACGATCAAATTTATAACGTAATCGTAACTGCTCATGCCTTTATTATGATTTTTTTTATAGTGATACCTATTATAATT	Variant present in the Tpos and amplified correctly by the marker
MFZR	prerun	Tpos2_prerun	mock		keep	CTTATATTTTATTTTTGGTGCTTGATCAGGGATAGTGGGAACTTCTTTAAGAATTCTTATTCGAGCTGAACTTGGTCATGCGGGATCTTTAATCGGAGACGATCAAATTTACAATGTAATTGTTACTGCACACGCCTTTGTAATAATTTTTTTTATAGTTATACCTATTTTAATT	Variant present in the Tpos and amplified correctly by the marker
MFZR	prerun	Tpos2_prerun	mock		keep	CCTTTATTTTATTTTCGGTATCTGATCAGGTCTCGTAGGATCATCACTTAGATTTATTATTCGAATAGAATTAAGAACTCCTGGTAGATTTATTGGCAACGACCAAATTTATAACGTAATTGTTACATCTCATGCATTTATTATAATTTTTTTTATAGTTATACCAATCATAATT	Variant present in the Tpos and amplified correctly by the marker
MFZR	prerun	Tpos2_prerun	mock		keep	CCTTTATCTTGTATTTGGTGCCTGGGCCGGAATGGTAGGGACCGCCCTAAGCCTTCTTATTCGGGCCGAACTAAGCCAGCCTGGCTCGCTATTAGGTGATAGCCAAATTTATAATGTTATTGTTACCGCCCACGCCTTCGTAATAATTTTCTTTATAGTCATGCCAATTCTCATT	Variant present in the Tpos and amplified correctly by the marker
MFZR	prerun	Tpos2_prerun	mock		keep	ACTATATTTTATTTTTGGGGCTTGATCCGGAATGCTGGGCACCTCTCTAAGCCTTCTAATTCGTGCCGAGCTGGGGCACCCGGGTTCTTTAATTGGCGACGATCAAATTTACAATGTAATCGTCACAGCCCATGCTTTTATTATGATTTTTTTCATGGTTATGCCTATTATAATC	Variant present in the Tpos and amplified correctly by the marker
MFZR	prerun	Tpos2_prerun	mock		keep	ACTTTATTTTATTTTTGGTGCTTGATCAGGAATAGTAGGAACTTCTTTAAGAATTCTAATTCGAGCTGAATTAGGTCATGCCGGTTCATTAATTGGAGATGATCAAATTTATAATGTAATTGTAACTGCTCATGCTTTTGTAATAATTTTCTTTATAGTTATACCTATTTTAATT	Variant present in the Tpos and amplified correctly by the marker
MFZR	prerun	Tpos2_prerun	mock		tolerate	ACTTTATTTCATTTTCGGAACATTTGCAGGAGTTGTAGGAACTTTACTTTCATTATTTATTCGTCTTGAATTAGCTTATCCAGGAAATCAATTTTTTTTAGGAAATCACCAACTTTATAATGTGGTTGTGACAGCACATGCTTTTATCATGATTTTTTTCATGGTTATGCCGATTTTAATC	Variant present in the Tpos not amplified correctly by the marker
MFZR	prerun	TnegPai1_prerun	negative		delete		Not necessary to specify variants, just give the list of Tneg samples    All variants in all Tneg will be classified as to delete
MFZR	prerun	TnegPai2_prerun	negative		delete		
MFZR	prerun	TnegTag_prerun	negative		delete		
MFZR	prerun	TnegPCR_prerun	negative		delete		
MFZR	prerun	TnegExt1_prerun	negative		delete		
MFZR	prerun	TnegExt2_prerun	negative		delete		
MFZR	prerun	P1	real		delete	TTTATATTTCATTTTTGGTGCATGATCAGGTATGGTGGGTACTTCCCTTAGTTTATTAATTCGAGCAGAACTTGGTAATCCTGGTTCTTTGATTGGTGATGATCAGATTTATAACGTTATTGTCACTGCCCATGCTTTTATTATGATTTTTTTTATAGTGATACCTATTATAATT	Variants that cannot be in a given sample  for example habitat of the variant is markedly different from that of the sample
MFZR	prerun	P2	real		delete	TTTATATTTCATTTTTGGTGCATGATCAGGTATGGTGGGTACTTCCCTTAGTTTATTAATTCGAGCAGAACTTGGTAATCCTGGTTCTTTGATTGGTGATGATCAGATTTATAACGTTATTGTCACTGCCCATGCTTTTATTATGATTTTTTTTATAGTGATACCTATTATAATT	Variants that cannot be in a given sample  for example habitat of the variant is markedly different from that of the sample
MFZR	prerun	P3	real		delete	TTTATATTTCATTTTTGGTGCATGATCAGGTATGGTGGGTACTTCCCTTAGTTTATTAATTCGAGCAGAACTTGGTAATCCTGGTTCTTTGATTGGTGATGATCAGATTTATAACGTTATTGTCACTGCCCATGCTTTTATTATGATTTTTTTTATAGTGATACCTATTATAATT	Variants that cannot be in a given sample  for example habitat of the variant is markedly different from that of the sample
MFZR	prerun	P4	real		delete	TTTATATTTCATTTTTGGTGCATGATCAGGTATGGTGGGTACTTCCCTTAGTTTATTAATTCGAGCAGAACTTGGTAATCCTGGTTCTTTGATTGGTGATGATCAGATTTATAACGTTATTGTCACTGCCCATGCTTTTATTATGATTTTTTTTATAGTGATACCTATTATAATT	Variants that cannot be in a given sample  for example habitat of the variant is markedly different from that of the sample
MFZR	prerun	P5	real		delete	TTTATATTTCATTTTTGGTGCATGATCAGGTATGGTGGGTACTTCCCTTAGTTTATTAATTCGAGCAGAACTTGGTAATCCTGGTTCTTTGATTGGTGATGATCAGATTTATAACGTTATTGTCACTGCCCATGCTTTTATTATGATTTTTTTTATAGTGATACCTATTATAATT	Variants that cannot be in a given sample  for example habitat of the variant is markedly different from that of the sample
MFZR	prerun	P1	real		delete	TTTATATTTCATTTTTGGTGCATGATCAGGTATGGTGGGTACTTCCCTTAGTTTATTAATTCGAGCAGAACTTGGTAATCCTGGTTCTTTGATTGGCGATGATCAGATTTATAACGTTATTGTCACTGCCCATGCTTTTATTATGATTTTTTTTATAGTGATACCTATTATAATT	Variants that cannot be in a given sample  for example habitat of the variant is markedly different from that of the sample
MFZR	prerun	P2	real		delete	TTTATATTTCATTTTTGGTGCATGATCAGGTATGGTGGGTACTTCCCTTAGTTTATTAATTCGAGCAGAACTTGGTAATCCTGGTTCTTTGATTGGCGATGATCAGATTTATAACGTTATTGTCACTGCCCATGCTTTTATTATGATTTTTTTTATAGTGATACCTATTATAATT	Variants that cannot be in a given sample  for example habitat of the variant is markedly different from that of the sample
MFZR	prerun	P3	real		delete	TTTATATTTCATTTTTGGTGCATGATCAGGTATGGTGGGTACTTCCCTTAGTTTATTAATTCGAGCAGAACTTGGTAATCCTGGTTCTTTGATTGGCGATGATCAGATTTATAACGTTATTGTCACTGCCCATGCTTTTATTATGATTTTTTTTATAGTGATACCTATTATAATT	Variants that cannot be in a given sample  for example habitat of the variant is markedly different from that of the sample
MFZR	prerun	P4	real		delete	TTTATATTTCATTTTTGGTGCATGATCAGGTATGGTGGGTACTTCCCTTAGTTTATTAATTCGAGCAGAACTTGGTAATCCTGGTTCTTTGATTGGCGATGATCAGATTTATAACGTTATTGTCACTGCCCATGCTTTTATTATGATTTTTTTTATAGTGATACCTATTATAATT	Variants that cannot be in a given sample  for example habitat of the variant is markedly different from that of the sample
MFZR	prerun	P5	real		delete	TTTATATTTCATTTTTGGTGCATGATCAGGTATGGTGGGTACTTCCCTTAGTTTATTAATTCGAGCAGAACTTGGTAATCCTGGTTCTTTGATTGGCGATGATCAGATTTATAACGTTATTGTCACTGCCCATGCTTTTATTATGATTTTTTTTATAGTGATACCTATTATAATT	Variants that cannot be in a given sample  for example habitat of the variant is markedly different from that of the sample
ZFZR	prerun	Tpos1_prerun	mock		keep	TGCTTGGGCAGGTATGGTAGGTACCTCATTAAGACTTTTAATTCGAGCCGAGTTGGGTAACCCGGGTTCATTAATTGGGGACGATCAAATTTATAACGTAATCGTAACTGCTCATGCCTTTATTATGATTTTTTTTATAGTGATACCTATTATAATT	dummy info
ZFZR	prerun	Tpos1_prerun	mock		keep	TGCTTGATCAGGGATAGTGGGAACTTCTTTAAGAATTCTTATTCGAGCTGAACTTGGTCATGCGGGATCTTTAATCGGAGACGATCAAATTTACAATGTAATTGTTACTGCACACGCCTTTGTAATAATTTTTTTTATAGTTATACCTATTTTAATT	dummy info
ZFZR	prerun	Tpos1_prerun	mock		tolerate	TATCTGATCAGGTCTCGTAGGATCATCACTTAGATTTATTATTCGAATAGAATTAAGAACTCCTGGTAGATTTATTGGCAACGACCAAATTTATAACGTAATTGTTACATCTCATGCATTTATTATAATTTTTTTTATAGTTATACCAATCATAATT	dummy info
ZFZR	prerun	Tpos1_prerun	mock		keep	GGCTTGATCCGGAATGCTGGGCACCTCTCTAAGCCTTCTAATTCGTGCCGAGCTGGGGCACCCGGGTTCTTTAATTGGCGACGATCAAATTTACAATGTAATCGTCACAGCCCATGCTTTTATTATGATTTTTTTCATGGTTATGCCTATTATAATC	dummy info
ZFZR	prerun	Tpos1_prerun	mock		keep	TGCTTGATCAGGAATAGTAGGAACTTCTTTAAGAATTCTAATTCGAGCTGAATTAGGTCATGCCGGTTCATTAATTGGAGATGATCAAATTTATAATGTAATTGTAACTGCTCATGCTTTTGTAATAATTTTCTTTATAGTTATACCTATTTTAATT	dummy info
ZFZR	prerun	Tpos2_prerun	mock		keep	TGCTTGGGCAGGTATGGTAGGTACCTCATTAAGACTTTTAATTCGAGCCGAGTTGGGTAACCCGGGTTCATTAATTGGGGACGATCAAATTTATAACGTAATCGTAACTGCTCATGCCTTTATTATGATTTTTTTTATAGTGATACCTATTATAATT	dummy info
ZFZR	prerun	Tpos2_prerun	mock		keep	TGCTTGATCAGGGATAGTGGGAACTTCTTTAAGAATTCTTATTCGAGCTGAACTTGGTCATGCGGGATCTTTAATCGGAGACGATCAAATTTACAATGTAATTGTTACTGCACACGCCTTTGTAATAATTTTTTTTATAGTTATACCTATTTTAATT	dummy info
ZFZR	prerun	Tpos2_prerun	mock		tolerate	TATCTGATCAGGTCTCGTAGGATCATCACTTAGATTTATTATTCGAATAGAATTAAGAACTCCTGGTAGATTTATTGGCAACGACCAAATTTATAACGTAATTGTTACATCTCATGCATTTATTATAATTTTTTTTATAGTTATACCAATCATAATT	dummy info
ZFZR	prerun	Tpos2_prerun	mock		keep	GGCTTGATCCGGAATGCTGGGCACCTCTCTAAGCCTTCTAATTCGTGCCGAGCTGGGGCACCCGGGTTCTTTAATTGGCGACGATCAAATTTACAATGTAATCGTCACAGCCCATGCTTTTATTATGATTTTTTTCATGGTTATGCCTATTATAATC	dummy info
ZFZR	prerun	Tpos2_prerun	mock		keep	TGCTTGATCAGGAATAGTAGGAACTTCTTTAAGAATTCTAATTCGAGCTGAATTAGGTCATGCCGGTTCATTAATTGGAGATGATCAAATTTATAATGTAATTGTAACTGCTCATGCTTTTGTAATAATTTTCTTTATAGTTATACCTATTTTAATT	dummy info
ZFZR	prerun	TnegPai1_prerun	negative		delete		dummy info
ZFZR	prerun	TnegPai2_prerun	negative		delete		dummy info
ZFZR	prerun	TnegTag_prerun	negative		delete		dummy info
ZFZR	prerun	TnegPCR_prerun	negative		delete		dummy info
ZFZR	prerun	TnegExt1_prerun	negative		delete		dummy info
ZFZR	prerun	TnegExt2_prerun	negative		delete		dummy info
