TagFwd	PrimerFwd	TagRev	PrimerRev	Marker	Biosample	Replicate	Run	FastqFwd	FastqRev
tcgatcacgatgt	AGATATTGGAACWTTATATTTTATTTTTGG	gagatcatgtca	WACTAATCAATTWCCAAATCCTCC	ZFZR	Tpos1_run1	1	run1	zfzr_tpos1_1_fw.fastq	zfzr_tpos1_1_rv.fastq
agatcgtactagct	AGATATTGGAACWTTATATTTTATTTTTGG	gagatcatgtca	WACTAATCAATTWCCAAATCCTCC	ZFZR	TnegTag_run1	1	run1	zfzr_tnegtag_1_fw.fastq	zfzr_tnegtag_1_rv.fastq
gtcgatcatgtca	AGATATTGGAACWTTATATTTTATTTTTGG	tatcgacgatgt	WACTAATCAATTWCCAAATCCTCC	ZFZR	14Ben01	1	run1	zfzr_14ben01_1_fw.fastq	zfzr_14ben01_1_rv.fastq
catcgagtagag	AGATATTGGAACWTTATATTTTATTTTTGG	tatcgacgatgt	WACTAATCAATTWCCAAATCCTCC	ZFZR	14Ben02	1	run1	zfzr_14ben02_1_fw.fastq	zfzr_14ben02_1_rv.fastq
tcgatcacgatgt	AGATATTGGAACWTTATATTTTATTTTTGG	gagatcatgtca	WACTAATCAATTWCCAAATCCTCC	ZFZR	Tpos1_run1	2	run1	zfzr_tpos1_2_fw.fastq	zfzr_tpos1_2_rv.fastq
agatcgtactagct	AGATATTGGAACWTTATATTTTATTTTTGG	gagatcatgtca	WACTAATCAATTWCCAAATCCTCC	ZFZR	TnegTag_run1	2	run1	zfzr_tnegtag_2_fw.fastq	zfzr_tnegtag_2_rv.fastq
gtcgatcatgtca	AGATATTGGAACWTTATATTTTATTTTTGG	tatcgacgatgt	WACTAATCAATTWCCAAATCCTCC	ZFZR	14Ben01	2	run1	zfzr_14ben01_2_fw.fastq	zfzr_14ben01_2_rv.fastq
catcgagtagag	AGATATTGGAACWTTATATTTTATTTTTGG	tatcgacgatgt	WACTAATCAATTWCCAAATCCTCC	ZFZR	14Ben02	2	run1	zfzr_14ben02_2_fw.fastq	zfzr_14ben02_2_rv.fastq
tcgatcacgatgt	AGATATTGGAACWTTATATTTTATTTTTGG	gagatcatgtca	WACTAATCAATTWCCAAATCCTCC	ZFZR	Tpos1_run1	3	run1	zfzr_tpos1_3_fw.fastq	zfzr_tpos1_3_rv.fastq
agatcgtactagct	AGATATTGGAACWTTATATTTTATTTTTGG	gagatcatgtca	WACTAATCAATTWCCAAATCCTCC	ZFZR	TnegTag_run1	3	run1	zfzr_tnegtag_3_fw.fastq	zfzr_tnegtag_3_rv.fastq
gtcgatcatgtca	AGATATTGGAACWTTATATTTTATTTTTGG	tatcgacgatgt	WACTAATCAATTWCCAAATCCTCC	ZFZR	14Ben01	3	run1	zfzr_14ben01_3_fw.fastq	zfzr_14ben01_3_rv.fastq
catcgagtagag	AGATATTGGAACWTTATATTTTATTTTTGG	tatcgacgatgt	WACTAATCAATTWCCAAATCCTCC	ZFZR	14Ben02	3	run1	zfzr_14ben02_3_fw.fastq	zfzr_14ben02_3_rv.fastq
