Marker	Run	Biosample	BiosampleType	VariantId	Action	Sequence
MFZR	run1	Tpos1_run1	mock		keep	TCTATATTTCATTTTTGGTGCTTGGGCAGGTATGGTAGGTACCTCATTAAGACTTTTAATTCGAGCCGAGTTGGGTAACCCGGGTTCATTAATTGGGGACGATCAAATTTATAACGTAATCGTAACTGCTCATGCCTTTATTATGATTTTTTTTATAGTGATACCTATTATAATT
MFZR	run1	Tpos1_run1	mock		keep	CTTATATTTTATTTTTGGTGCTTGATCAGGGATAGTGGGAACTTCTTTAAGAATTCTTATTCGAGCTGAACTTGGTCATGCGGGATCTTTAATCGGAGACGATCAAATTTACAATGTAATTGTTACTGCACACGCCTTTGTAATAATTTTTTTTATAGTTATACCTATTTTAATT
MFZR	run1	Tpos1_run1	mock		keep	CCTTTATTTTATTTTCGGTATCTGATCAGGTCTCGTAGGATCATCACTTAGATTTATTATTCGAATAGAATTAAGAACTCCTGGTAGATTTATTGGCAACGACCAAATTTATAACGTAATTGTTACATCTCATGCATTTATTATAATTTTTTTTATAGTTATACCAATCATAATT
MFZR	run1	Tpos1_run1	mock		keep	CCTTTATCTTGTATTTGGTGCCTGGGCCGGAATGGTAGGGACCGCCCTAAGCCTTCTTATTCGGGCCGAACTAAGCCAGCCTGGCTCGCTATTAGGTGATAGCCAAATTTATAATGTTATTGTTACCGCCCACGCCTTCGTAATAATTTTCTTTATAGTCATGCCAATTCTCATT
MFZR	run1	Tpos1_run1	mock		keep	ACTATATTTTATTTTTGGGGCTTGATCCGGAATGCTGGGCACCTCTCTAAGCCTTCTAATTCGTGCCGAGCTGGGGCACCCGGGTTCTTTAATTGGCGACGATCAAATTTACAATGTAATCGTCACAGCCCATGCTTTTATTATGATTTTTTTCATGGTTATGCCTATTATAATC
MFZR	run1	Tpos1_run1	mock		keep	ACTTTATTTTATTTTTGGTGCTTGATCAGGAATAGTAGGAACTTCTTTAAGAATTCTAATTCGAGCTGAATTAGGTCATGCCGGTTCATTAATTGGAGATGATCAAATTTATAATGTAATTGTAACTGCTCATGCTTTTGTAATAATTTTCTTTATAGTTATACCTATTTTAATT
MFZR	run1	Tpos1_run1	mock		tolerate	ACTTTATTTCATTTTCGGAACATTTGCAGGAGTTGTAGGAACTTTACTTTCATTATTTATTCGTCTTGAATTAGCTTATCCAGGAAATCAATTTTTTTTAGGAAATCACCAACTTTATAATGTGGTTGTGACAGCACATGCTTTTATCATGATTTTTTTCATGGTTATGCCGATTTTAATC
MFZR	run1	TnegTag_run1	negative		delete	
ZFZR	run1	Tpos1_run1	mock		keep	TGCTTGGGCAGGTATGGTAGGTACCTCATTAAGACTTTTAATTCGAGCCGAGTTGGGTAACCCGGGTTCATTAATTGGGGACGATCAAATTTATAACGTAATCGTAACTGCTCATGCCTTTATTATGATTTTTTTTATAGTGATACCTATTATAATT
ZFZR	run1	Tpos1_run1	mock		keep	TGCTTGATCAGGGATAGTGGGAACTTCTTTAAGAATTCTTATTCGAGCTGAACTTGGTCATGCGGGATCTTTAATCGGAGACGATCAAATTTACAATGTAATTGTTACTGCACACGCCTTTGTAATAATTTTTTTTATAGTTATACCTATTTTAATT
ZFZR	run1	Tpos1_run1	mock		tolerate	TATCTGATCAGGTCTCGTAGGATCATCACTTAGATTTATTATTCGAATAGAATTAAGAACTCCTGGTAGATTTATTGGCAACGACCAAATTTATAACGTAATTGTTACATCTCATGCATTTATTATAATTTTTTTTATAGTTATACCAATCATAATT
ZFZR	run1	Tpos1_run1	mock		keep	GGCTTGATCCGGAATGCTGGGCACCTCTCTAAGCCTTCTAATTCGTGCCGAGCTGGGGCACCCGGGTTCTTTAATTGGCGACGATCAAATTTACAATGTAATCGTCACAGCCCATGCTTTTATTATGATTTTTTTCATGGTTATGCCTATTATAATC
ZFZR	run1	Tpos1_run1	mock		keep	TGCTTGATCAGGAATAGTAGGAACTTCTTTAAGAATTCTAATTCGAGCTGAATTAGGTCATGCCGGTTCATTAATTGGAGATGATCAAATTTATAATGTAATTGTAACTGCTCATGCTTTTGTAATAATTTTCTTTATAGTTATACCTATTTTAATT
ZFZR	run1	TnegTag_run1	negative		delete	
